fund_id,asset_family,method,rebalance_date,effective_date,estimation_start,estimation_end,n_estimation_observations
crypto_equal_weight,crypto,equal_weight,2021-01-01,2021-01-02,2020-01-02,2021-01-01,366
crypto_max_sharpe,crypto,max_sharpe,2021-01-01,2021-01-02,2020-01-02,2021-01-01,366
crypto_min_variance,crypto,min_variance,2021-01-01,2021-01-02,2020-01-02,2021-01-01,366
crypto_risk_parity,crypto,risk_parity,2021-01-01,2021-01-02,2020-01-02,2021-01-01,366
combined_equal_weight,combined,equal_weight,2021-01-04,2021-01-05,2020-01-03,2021-01-04,253
combined_max_sharpe,combined,max_sharpe,2021-01-04,2021-01-05,2020-01-03,2021-01-04,253
combined_min_variance,combined,min_variance,2021-01-04,2021-01-05,2020-01-03,2021-01-04,253
combined_risk_parity,combined,risk_parity,2021-01-04,2021-01-05,2020-01-03,2021-01-04,253
equity_equal_weight,equity,equal_weight,2021-01-04,2021-01-05,2020-01-03,2021-01-04,253
equity_max_sharpe,equity,max_sharpe,2021-01-04,2021-01-05,2020-01-03,2021-01-04,253
equity_min_variance,equity,min_variance,2021-01-04,2021-01-05,2020-01-03,2021-01-04,253
equity_risk_parity,equity,risk_parity,2021-01-04,2021-01-05,2020-01-03,2021-01-04,253
combined_equal_weight,combined,equal_weight,2021-02-01,2021-02-02,2020-01-03,2021-02-01,272
combined_max_sharpe,combined,max_sharpe,2021-02-01,2021-02-02,2020-01-03,2021-02-01,272
combined_min_variance,combined,min_variance,2021-02-01,2021-02-02,2020-01-03,2021-02-01,272
combined_risk_parity,combined,risk_parity,2021-02-01,2021-02-02,2020-01-03,2021-02-01,272
crypto_equal_weight,crypto,equal_weight,2021-02-01,2021-02-02,2020-01-02,2021-02-01,397
crypto_max_sharpe,crypto,max_sharpe,2021-02-01,2021-02-02,2020-01-02,2021-02-01,397
crypto_min_variance,crypto,min_variance,2021-02-01,2021-02-02,2020-01-02,2021-02-01,397
crypto_risk_parity,crypto,risk_parity,2021-02-01,2021-02-02,2020-01-02,2021-02-01,397
equity_equal_weight,equity,equal_weight,2021-02-01,2021-02-02,2020-01-03,2021-02-01,272
equity_max_sharpe,equity,max_sharpe,2021-02-01,2021-02-02,2020-01-03,2021-02-01,272
equity_min_variance,equity,min_variance,2021-02-01,2021-02-02,2020-01-03,2021-02-01,272
equity_risk_parity,equity,risk_parity,2021-02-01,2021-02-02,2020-01-03,2021-02-01,272
combined_equal_weight,combined,equal_weight,2021-03-01,2021-03-02,2020-01-03,2021-03-01,291
combined_max_sharpe,combined,max_sharpe,2021-03-01,2021-03-02,2020-01-03,2021-03-01,291
combined_min_variance,combined,min_variance,2021-03-01,2021-03-02,2020-01-03,2021-03-01,291
combined_risk_parity,combined,risk_parity,2021-03-01,2021-03-02,2020-01-03,2021-03-01,291
crypto_equal_weight,crypto,equal_weight,2021-03-01,2021-03-02,2020-01-02,2021-03-01,425
crypto_max_sharpe,crypto,max_sharpe,2021-03-01,2021-03-02,2020-01-02,2021-03-01,425
crypto_min_variance,crypto,min_variance,2021-03-01,2021-03-02,2020-01-02,2021-03-01,425
crypto_risk_parity,crypto,risk_parity,2021-03-01,2021-03-02,2020-01-02,2021-03-01,425
equity_equal_weight,equity,equal_weight,2021-03-01,2021-03-02,2020-01-03,2021-03-01,291
equity_max_sharpe,equity,max_sharpe,2021-03-01,2021-03-02,2020-01-03,2021-03-01,291
equity_min_variance,equity,min_variance,2021-03-01,2021-03-02,2020-01-03,2021-03-01,291
equity_risk_parity,equity,risk_parity,2021-03-01,2021-03-02,2020-01-03,2021-03-01,291
crypto_equal_weight,crypto,equal_weight,2021-04-01,2021-04-02,2020-01-02,2021-04-01,456
crypto_max_sharpe,crypto,max_sharpe,2021-04-01,2021-04-02,2020-01-02,2021-04-01,456
crypto_min_variance,crypto,min_variance,2021-04-01,2021-04-02,2020-01-02,2021-04-01,456
crypto_risk_parity,crypto,risk_parity,2021-04-01,2021-04-02,2020-01-02,2021-04-01,456
combined_equal_weight,combined,equal_weight,2021-04-01,2021-04-05,2020-01-03,2021-04-01,314
combined_max_sharpe,combined,max_sharpe,2021-04-01,2021-04-05,2020-01-03,2021-04-01,314
combined_min_variance,combined,min_variance,2021-04-01,2021-04-05,2020-01-03,2021-04-01,314
combined_risk_parity,combined,risk_parity,2021-04-01,2021-04-05,2020-01-03,2021-04-01,314
equity_equal_weight,equity,equal_weight,2021-04-01,2021-04-05,2020-01-03,2021-04-01,314
equity_max_sharpe,equity,max_sharpe,2021-04-01,2021-04-05,2020-01-03,2021-04-01,314
equity_min_variance,equity,min_variance,2021-04-01,2021-04-05,2020-01-03,2021-04-01,314
equity_risk_parity,equity,risk_parity,2021-04-01,2021-04-05,2020-01-03,2021-04-01,314
crypto_equal_weight,crypto,equal_weight,2021-05-01,2021-05-02,2020-01-02,2021-05-01,486
crypto_max_sharpe,crypto,max_sharpe,2021-05-01,2021-05-02,2020-01-02,2021-05-01,486
crypto_min_variance,crypto,min_variance,2021-05-01,2021-05-02,2020-01-02,2021-05-01,486
crypto_risk_parity,crypto,risk_parity,2021-05-01,2021-05-02,2020-01-02,2021-05-01,486
combined_equal_weight,combined,equal_weight,2021-05-03,2021-05-04,2020-01-03,2021-05-03,335
combined_max_sharpe,combined,max_sharpe,2021-05-03,2021-05-04,2020-01-03,2021-05-03,335
combined_min_variance,combined,min_variance,2021-05-03,2021-05-04,2020-01-03,2021-05-03,335
combined_risk_parity,combined,risk_parity,2021-05-03,2021-05-04,2020-01-03,2021-05-03,335
equity_equal_weight,equity,equal_weight,2021-05-03,2021-05-04,2020-01-03,2021-05-03,335
equity_max_sharpe,equity,max_sharpe,2021-05-03,2021-05-04,2020-01-03,2021-05-03,335
equity_min_variance,equity,min_variance,2021-05-03,2021-05-04,2020-01-03,2021-05-03,335
equity_risk_parity,equity,risk_parity,2021-05-03,2021-05-04,2020-01-03,2021-05-03,335
combined_equal_weight,combined,equal_weight,2021-06-01,2021-06-02,2020-01-03,2021-06-01,355
combined_max_sharpe,combined,max_sharpe,2021-06-01,2021-06-02,2020-01-03,2021-06-01,355
combined_min_variance,combined,min_variance,2021-06-01,2021-06-02,2020-01-03,2021-06-01,355
combined_risk_parity,combined,risk_parity,2021-06-01,2021-06-02,2020-01-03,2021-06-01,355
crypto_equal_weight,crypto,equal_weight,2021-06-01,2021-06-02,2020-01-02,2021-06-01,517
crypto_max_sharpe,crypto,max_sharpe,2021-06-01,2021-06-02,2020-01-02,2021-06-01,517
crypto_min_variance,crypto,min_variance,2021-06-01,2021-06-02,2020-01-02,2021-06-01,517
crypto_risk_parity,crypto,risk_parity,2021-06-01,2021-06-02,2020-01-02,2021-06-01,517
equity_equal_weight,equity,equal_weight,2021-06-01,2021-06-02,2020-01-03,2021-06-01,355
equity_max_sharpe,equity,max_sharpe,2021-06-01,2021-06-02,2020-01-03,2021-06-01,355
equity_min_variance,equity,min_variance,2021-06-01,2021-06-02,2020-01-03,2021-06-01,355
equity_risk_parity,equity,risk_parity,2021-06-01,2021-06-02,2020-01-03,2021-06-01,355
combined_equal_weight,combined,equal_weight,2021-07-01,2021-07-02,2020-01-03,2021-07-01,377
combined_max_sharpe,combined,max_sharpe,2021-07-01,2021-07-02,2020-01-03,2021-07-01,377
combined_min_variance,combined,min_variance,2021-07-01,2021-07-02,2020-01-03,2021-07-01,377
combined_risk_parity,combined,risk_parity,2021-07-01,2021-07-02,2020-01-03,2021-07-01,377
crypto_equal_weight,crypto,equal_weight,2021-07-01,2021-07-02,2020-01-02,2021-07-01,547
crypto_max_sharpe,crypto,max_sharpe,2021-07-01,2021-07-02,2020-01-02,2021-07-01,547
crypto_min_variance,crypto,min_variance,2021-07-01,2021-07-02,2020-01-02,2021-07-01,547
crypto_risk_parity,crypto,risk_parity,2021-07-01,2021-07-02,2020-01-02,2021-07-01,547
equity_equal_weight,equity,equal_weight,2021-07-01,2021-07-02,2020-01-03,2021-07-01,377
equity_max_sharpe,equity,max_sharpe,2021-07-01,2021-07-02,2020-01-03,2021-07-01,377
equity_min_variance,equity,min_variance,2021-07-01,2021-07-02,2020-01-03,2021-07-01,377
equity_risk_parity,equity,risk_parity,2021-07-01,2021-07-02,2020-01-03,2021-07-01,377
crypto_equal_weight,crypto,equal_weight,2021-08-01,2021-08-02,2020-01-02,2021-08-01,578
crypto_max_sharpe,crypto,max_sharpe,2021-08-01,2021-08-02,2020-01-02,2021-08-01,578
crypto_min_variance,crypto,min_variance,2021-08-01,2021-08-02,2020-01-02,2021-08-01,578
crypto_risk_parity,crypto,risk_parity,2021-08-01,2021-08-02,2020-01-02,2021-08-01,578
combined_equal_weight,combined,equal_weight,2021-08-02,2021-08-03,2020-01-03,2021-08-02,398
combined_max_sharpe,combined,max_sharpe,2021-08-02,2021-08-03,2020-01-03,2021-08-02,398
combined_min_variance,combined,min_variance,2021-08-02,2021-08-03,2020-01-03,2021-08-02,398
combined_risk_parity,combined,risk_parity,2021-08-02,2021-08-03,2020-01-03,2021-08-02,398
equity_equal_weight,equity,equal_weight,2021-08-02,2021-08-03,2020-01-03,2021-08-02,398
equity_max_sharpe,equity,max_sharpe,2021-08-02,2021-08-03,2020-01-03,2021-08-02,398
equity_min_variance,equity,min_variance,2021-08-02,2021-08-03,2020-01-03,2021-08-02,398
equity_risk_parity,equity,risk_parity,2021-08-02,2021-08-03,2020-01-03,2021-08-02,398
combined_equal_weight,combined,equal_weight,2021-09-01,2021-09-02,2020-01-03,2021-09-01,420
combined_max_sharpe,combined,max_sharpe,2021-09-01,2021-09-02,2020-01-03,2021-09-01,420
combined_min_variance,combined,min_variance,2021-09-01,2021-09-02,2020-01-03,2021-09-01,420
combined_risk_parity,combined,risk_parity,2021-09-01,2021-09-02,2020-01-03,2021-09-01,420
crypto_equal_weight,crypto,equal_weight,2021-09-01,2021-09-02,2020-01-02,2021-09-01,609
crypto_max_sharpe,crypto,max_sharpe,2021-09-01,2021-09-02,2020-01-02,2021-09-01,609
crypto_min_variance,crypto,min_variance,2021-09-01,2021-09-02,2020-01-02,2021-09-01,609
crypto_risk_parity,crypto,risk_parity,2021-09-01,2021-09-02,2020-01-02,2021-09-01,609
equity_equal_weight,equity,equal_weight,2021-09-01,2021-09-02,2020-01-03,2021-09-01,420
equity_max_sharpe,equity,max_sharpe,2021-09-01,2021-09-02,2020-01-03,2021-09-01,420
equity_min_variance,equity,min_variance,2021-09-01,2021-09-02,2020-01-03,2021-09-01,420
equity_risk_parity,equity,risk_parity,2021-09-01,2021-09-02,2020-01-03,2021-09-01,420
crypto_equal_weight,crypto,equal_weight,2021-10-01,2021-10-02,2020-01-02,2021-10-01,639
crypto_max_sharpe,crypto,max_sharpe,2021-10-01,2021-10-02,2020-01-02,2021-10-01,639
crypto_min_variance,crypto,min_variance,2021-10-01,2021-10-02,2020-01-02,2021-10-01,639
crypto_risk_parity,crypto,risk_parity,2021-10-01,2021-10-02,2020-01-02,2021-10-01,639
combined_equal_weight,combined,equal_weight,2021-10-01,2021-10-04,2020-01-03,2021-10-01,441
combined_max_sharpe,combined,max_sharpe,2021-10-01,2021-10-04,2020-01-03,2021-10-01,441
combined_min_variance,combined,min_variance,2021-10-01,2021-10-04,2020-01-03,2021-10-01,441
combined_risk_parity,combined,risk_parity,2021-10-01,2021-10-04,2020-01-03,2021-10-01,441
equity_equal_weight,equity,equal_weight,2021-10-01,2021-10-04,2020-01-03,2021-10-01,441
equity_max_sharpe,equity,max_sharpe,2021-10-01,2021-10-04,2020-01-03,2021-10-01,441
equity_min_variance,equity,min_variance,2021-10-01,2021-10-04,2020-01-03,2021-10-01,441
equity_risk_parity,equity,risk_parity,2021-10-01,2021-10-04,2020-01-03,2021-10-01,441
combined_equal_weight,combined,equal_weight,2021-11-01,2021-11-02,2020-01-03,2021-11-01,462
combined_max_sharpe,combined,max_sharpe,2021-11-01,2021-11-02,2020-01-03,2021-11-01,462
combined_min_variance,combined,min_variance,2021-11-01,2021-11-02,2020-01-03,2021-11-01,462
combined_risk_parity,combined,risk_parity,2021-11-01,2021-11-02,2020-01-03,2021-11-01,462
crypto_equal_weight,crypto,equal_weight,2021-11-01,2021-11-02,2020-01-02,2021-11-01,670
crypto_max_sharpe,crypto,max_sharpe,2021-11-01,2021-11-02,2020-01-02,2021-11-01,670
crypto_min_variance,crypto,min_variance,2021-11-01,2021-11-02,2020-01-02,2021-11-01,670
crypto_risk_parity,crypto,risk_parity,2021-11-01,2021-11-02,2020-01-02,2021-11-01,670
equity_equal_weight,equity,equal_weight,2021-11-01,2021-11-02,2020-01-03,2021-11-01,462
equity_max_sharpe,equity,max_sharpe,2021-11-01,2021-11-02,2020-01-03,2021-11-01,462
equity_min_variance,equity,min_variance,2021-11-01,2021-11-02,2020-01-03,2021-11-01,462
equity_risk_parity,equity,risk_parity,2021-11-01,2021-11-02,2020-01-03,2021-11-01,462
combined_equal_weight,combined,equal_weight,2021-12-01,2021-12-02,2020-01-03,2021-12-01,483
combined_max_sharpe,combined,max_sharpe,2021-12-01,2021-12-02,2020-01-03,2021-12-01,483
combined_min_variance,combined,min_variance,2021-12-01,2021-12-02,2020-01-03,2021-12-01,483
combined_risk_parity,combined,risk_parity,2021-12-01,2021-12-02,2020-01-03,2021-12-01,483
crypto_equal_weight,crypto,equal_weight,2021-12-01,2021-12-02,2020-01-02,2021-12-01,700
crypto_max_sharpe,crypto,max_sharpe,2021-12-01,2021-12-02,2020-01-02,2021-12-01,700
crypto_min_variance,crypto,min_variance,2021-12-01,2021-12-02,2020-01-02,2021-12-01,700
crypto_risk_parity,crypto,risk_parity,2021-12-01,2021-12-02,2020-01-02,2021-12-01,700
equity_equal_weight,equity,equal_weight,2021-12-01,2021-12-02,2020-01-03,2021-12-01,483
equity_max_sharpe,equity,max_sharpe,2021-12-01,2021-12-02,2020-01-03,2021-12-01,483
equity_min_variance,equity,min_variance,2021-12-01,2021-12-02,2020-01-03,2021-12-01,483
equity_risk_parity,equity,risk_parity,2021-12-01,2021-12-02,2020-01-03,2021-12-01,483
crypto_equal_weight,crypto,equal_weight,2022-01-01,2022-01-02,2020-01-02,2022-01-01,731
crypto_max_sharpe,crypto,max_sharpe,2022-01-01,2022-01-02,2020-01-02,2022-01-01,731
crypto_min_variance,crypto,min_variance,2022-01-01,2022-01-02,2020-01-02,2022-01-01,731
crypto_risk_parity,crypto,risk_parity,2022-01-01,2022-01-02,2020-01-02,2022-01-01,731
combined_equal_weight,combined,equal_weight,2022-01-03,2022-01-04,2020-01-03,2022-01-03,505
combined_max_sharpe,combined,max_sharpe,2022-01-03,2022-01-04,2020-01-03,2022-01-03,505
combined_min_variance,combined,min_variance,2022-01-03,2022-01-04,2020-01-03,2022-01-03,505
combined_risk_parity,combined,risk_parity,2022-01-03,2022-01-04,2020-01-03,2022-01-03,505
equity_equal_weight,equity,equal_weight,2022-01-03,2022-01-04,2020-01-03,2022-01-03,505
equity_max_sharpe,equity,max_sharpe,2022-01-03,2022-01-04,2020-01-03,2022-01-03,505
equity_min_variance,equity,min_variance,2022-01-03,2022-01-04,2020-01-03,2022-01-03,505
equity_risk_parity,equity,risk_parity,2022-01-03,2022-01-04,2020-01-03,2022-01-03,505
combined_equal_weight,combined,equal_weight,2022-02-01,2022-02-02,2020-01-03,2022-02-01,525
combined_max_sharpe,combined,max_sharpe,2022-02-01,2022-02-02,2020-01-03,2022-02-01,525
combined_min_variance,combined,min_variance,2022-02-01,2022-02-02,2020-01-03,2022-02-01,525
combined_risk_parity,combined,risk_parity,2022-02-01,2022-02-02,2020-01-03,2022-02-01,525
crypto_equal_weight,crypto,equal_weight,2022-02-01,2022-02-02,2020-01-02,2022-02-01,762
crypto_max_sharpe,crypto,max_sharpe,2022-02-01,2022-02-02,2020-01-02,2022-02-01,762
crypto_min_variance,crypto,min_variance,2022-02-01,2022-02-02,2020-01-02,2022-02-01,762
crypto_risk_parity,crypto,risk_parity,2022-02-01,2022-02-02,2020-01-02,2022-02-01,762
equity_equal_weight,equity,equal_weight,2022-02-01,2022-02-02,2020-01-03,2022-02-01,525
equity_max_sharpe,equity,max_sharpe,2022-02-01,2022-02-02,2020-01-03,2022-02-01,525
equity_min_variance,equity,min_variance,2022-02-01,2022-02-02,2020-01-03,2022-02-01,525
equity_risk_parity,equity,risk_parity,2022-02-01,2022-02-02,2020-01-03,2022-02-01,525
combined_equal_weight,combined,equal_weight,2022-03-01,2022-03-02,2020-01-03,2022-03-01,544
combined_max_sharpe,combined,max_sharpe,2022-03-01,2022-03-02,2020-01-03,2022-03-01,544
combined_min_variance,combined,min_variance,2022-03-01,2022-03-02,2020-01-03,2022-03-01,544
combined_risk_parity,combined,risk_parity,2022-03-01,2022-03-02,2020-01-03,2022-03-01,544
crypto_equal_weight,crypto,equal_weight,2022-03-01,2022-03-02,2020-01-02,2022-03-01,790
crypto_max_sharpe,crypto,max_sharpe,2022-03-01,2022-03-02,2020-01-02,2022-03-01,790
crypto_min_variance,crypto,min_variance,2022-03-01,2022-03-02,2020-01-02,2022-03-01,790
crypto_risk_parity,crypto,risk_parity,2022-03-01,2022-03-02,2020-01-02,2022-03-01,790
equity_equal_weight,equity,equal_weight,2022-03-01,2022-03-02,2020-01-03,2022-03-01,544
equity_max_sharpe,equity,max_sharpe,2022-03-01,2022-03-02,2020-01-03,2022-03-01,544
equity_min_variance,equity,min_variance,2022-03-01,2022-03-02,2020-01-03,2022-03-01,544
equity_risk_parity,equity,risk_parity,2022-03-01,2022-03-02,2020-01-03,2022-03-01,544
crypto_equal_weight,crypto,equal_weight,2022-04-01,2022-04-02,2020-01-02,2022-04-01,821
crypto_max_sharpe,crypto,max_sharpe,2022-04-01,2022-04-02,2020-01-02,2022-04-01,821
crypto_min_variance,crypto,min_variance,2022-04-01,2022-04-02,2020-01-02,2022-04-01,821
crypto_risk_parity,crypto,risk_parity,2022-04-01,2022-04-02,2020-01-02,2022-04-01,821
combined_equal_weight,combined,equal_weight,2022-04-01,2022-04-04,2020-01-03,2022-04-01,567
combined_max_sharpe,combined,max_sharpe,2022-04-01,2022-04-04,2020-01-03,2022-04-01,567
combined_min_variance,combined,min_variance,2022-04-01,2022-04-04,2020-01-03,2022-04-01,567
combined_risk_parity,combined,risk_parity,2022-04-01,2022-04-04,2020-01-03,2022-04-01,567
equity_equal_weight,equity,equal_weight,2022-04-01,2022-04-04,2020-01-03,2022-04-01,567
equity_max_sharpe,equity,max_sharpe,2022-04-01,2022-04-04,2020-01-03,2022-04-01,567
equity_min_variance,equity,min_variance,2022-04-01,2022-04-04,2020-01-03,2022-04-01,567
equity_risk_parity,equity,risk_parity,2022-04-01,2022-04-04,2020-01-03,2022-04-01,567
crypto_equal_weight,crypto,equal_weight,2022-05-01,2022-05-02,2020-01-02,2022-05-01,851
crypto_max_sharpe,crypto,max_sharpe,2022-05-01,2022-05-02,2020-01-02,2022-05-01,851
crypto_min_variance,crypto,min_variance,2022-05-01,2022-05-02,2020-01-02,2022-05-01,851
crypto_risk_parity,crypto,risk_parity,2022-05-01,2022-05-02,2020-01-02,2022-05-01,851
combined_equal_weight,combined,equal_weight,2022-05-02,2022-05-03,2020-01-03,2022-05-02,587
combined_max_sharpe,combined,max_sharpe,2022-05-02,2022-05-03,2020-01-03,2022-05-02,587
combined_min_variance,combined,min_variance,2022-05-02,2022-05-03,2020-01-03,2022-05-02,587
combined_risk_parity,combined,risk_parity,2022-05-02,2022-05-03,2020-01-03,2022-05-02,587
equity_equal_weight,equity,equal_weight,2022-05-02,2022-05-03,2020-01-03,2022-05-02,587
equity_max_sharpe,equity,max_sharpe,2022-05-02,2022-05-03,2020-01-03,2022-05-02,587
equity_min_variance,equity,min_variance,2022-05-02,2022-05-03,2020-01-03,2022-05-02,587
equity_risk_parity,equity,risk_parity,2022-05-02,2022-05-03,2020-01-03,2022-05-02,587
combined_equal_weight,combined,equal_weight,2022-06-01,2022-06-02,2020-01-03,2022-06-01,608
combined_max_sharpe,combined,max_sharpe,2022-06-01,2022-06-02,2020-01-03,2022-06-01,608
combined_min_variance,combined,min_variance,2022-06-01,2022-06-02,2020-01-03,2022-06-01,608
combined_risk_parity,combined,risk_parity,2022-06-01,2022-06-02,2020-01-03,2022-06-01,608
crypto_equal_weight,crypto,equal_weight,2022-06-01,2022-06-02,2020-01-02,2022-06-01,882
crypto_max_sharpe,crypto,max_sharpe,2022-06-01,2022-06-02,2020-01-02,2022-06-01,882
crypto_min_variance,crypto,min_variance,2022-06-01,2022-06-02,2020-01-02,2022-06-01,882
crypto_risk_parity,crypto,risk_parity,2022-06-01,2022-06-02,2020-01-02,2022-06-01,882
equity_equal_weight,equity,equal_weight,2022-06-01,2022-06-02,2020-01-03,2022-06-01,608
equity_max_sharpe,equity,max_sharpe,2022-06-01,2022-06-02,2020-01-03,2022-06-01,608
equity_min_variance,equity,min_variance,2022-06-01,2022-06-02,2020-01-03,2022-06-01,608
equity_risk_parity,equity,risk_parity,2022-06-01,2022-06-02,2020-01-03,2022-06-01,608
crypto_equal_weight,crypto,equal_weight,2022-07-01,2022-07-02,2020-01-02,2022-07-01,912
crypto_max_sharpe,crypto,max_sharpe,2022-07-01,2022-07-02,2020-01-02,2022-07-01,912
crypto_min_variance,crypto,min_variance,2022-07-01,2022-07-02,2020-01-02,2022-07-01,912
crypto_risk_parity,crypto,risk_parity,2022-07-01,2022-07-02,2020-01-02,2022-07-01,912
combined_equal_weight,combined,equal_weight,2022-07-01,2022-07-05,2020-01-03,2022-07-01,629
combined_max_sharpe,combined,max_sharpe,2022-07-01,2022-07-05,2020-01-03,2022-07-01,629
combined_min_variance,combined,min_variance,2022-07-01,2022-07-05,2020-01-03,2022-07-01,629
combined_risk_parity,combined,risk_parity,2022-07-01,2022-07-05,2020-01-03,2022-07-01,629
equity_equal_weight,equity,equal_weight,2022-07-01,2022-07-05,2020-01-03,2022-07-01,629
equity_max_sharpe,equity,max_sharpe,2022-07-01,2022-07-05,2020-01-03,2022-07-01,629
equity_min_variance,equity,min_variance,2022-07-01,2022-07-05,2020-01-03,2022-07-01,629
equity_risk_parity,equity,risk_parity,2022-07-01,2022-07-05,2020-01-03,2022-07-01,629
combined_equal_weight,combined,equal_weight,2022-08-01,2022-08-02,2020-01-03,2022-08-01,649
combined_max_sharpe,combined,max_sharpe,2022-08-01,2022-08-02,2020-01-03,2022-08-01,649
combined_min_variance,combined,min_variance,2022-08-01,2022-08-02,2020-01-03,2022-08-01,649
combined_risk_parity,combined,risk_parity,2022-08-01,2022-08-02,2020-01-03,2022-08-01,649
crypto_equal_weight,crypto,equal_weight,2022-08-01,2022-08-02,2020-01-02,2022-08-01,943
crypto_max_sharpe,crypto,max_sharpe,2022-08-01,2022-08-02,2020-01-02,2022-08-01,943
crypto_min_variance,crypto,min_variance,2022-08-01,2022-08-02,2020-01-02,2022-08-01,943
crypto_risk_parity,crypto,risk_parity,2022-08-01,2022-08-02,2020-01-02,2022-08-01,943
equity_equal_weight,equity,equal_weight,2022-08-01,2022-08-02,2020-01-03,2022-08-01,649
equity_max_sharpe,equity,max_sharpe,2022-08-01,2022-08-02,2020-01-03,2022-08-01,649
equity_min_variance,equity,min_variance,2022-08-01,2022-08-02,2020-01-03,2022-08-01,649
equity_risk_parity,equity,risk_parity,2022-08-01,2022-08-02,2020-01-03,2022-08-01,649
combined_equal_weight,combined,equal_weight,2022-09-01,2022-09-02,2020-01-03,2022-09-01,672
combined_max_sharpe,combined,max_sharpe,2022-09-01,2022-09-02,2020-01-03,2022-09-01,672
combined_min_variance,combined,min_variance,2022-09-01,2022-09-02,2020-01-03,2022-09-01,672
combined_risk_parity,combined,risk_parity,2022-09-01,2022-09-02,2020-01-03,2022-09-01,672
crypto_equal_weight,crypto,equal_weight,2022-09-01,2022-09-02,2020-01-02,2022-09-01,974
crypto_max_sharpe,crypto,max_sharpe,2022-09-01,2022-09-02,2020-01-02,2022-09-01,974
crypto_min_variance,crypto,min_variance,2022-09-01,2022-09-02,2020-01-02,2022-09-01,974
crypto_risk_parity,crypto,risk_parity,2022-09-01,2022-09-02,2020-01-02,2022-09-01,974
equity_equal_weight,equity,equal_weight,2022-09-01,2022-09-02,2020-01-03,2022-09-01,672
equity_max_sharpe,equity,max_sharpe,2022-09-01,2022-09-02,2020-01-03,2022-09-01,672
equity_min_variance,equity,min_variance,2022-09-01,2022-09-02,2020-01-03,2022-09-01,672
equity_risk_parity,equity,risk_parity,2022-09-01,2022-09-02,2020-01-03,2022-09-01,672
crypto_equal_weight,crypto,equal_weight,2022-10-01,2022-10-02,2020-01-02,2022-10-01,1004
crypto_max_sharpe,crypto,max_sharpe,2022-10-01,2022-10-02,2020-01-02,2022-10-01,1004
crypto_min_variance,crypto,min_variance,2022-10-01,2022-10-02,2020-01-02,2022-10-01,1004
crypto_risk_parity,crypto,risk_parity,2022-10-01,2022-10-02,2020-01-02,2022-10-01,1004
combined_equal_weight,combined,equal_weight,2022-10-03,2022-10-04,2020-01-03,2022-10-03,693
combined_max_sharpe,combined,max_sharpe,2022-10-03,2022-10-04,2020-01-03,2022-10-03,693
combined_min_variance,combined,min_variance,2022-10-03,2022-10-04,2020-01-03,2022-10-03,693
combined_risk_parity,combined,risk_parity,2022-10-03,2022-10-04,2020-01-03,2022-10-03,693
equity_equal_weight,equity,equal_weight,2022-10-03,2022-10-04,2020-01-03,2022-10-03,693
equity_max_sharpe,equity,max_sharpe,2022-10-03,2022-10-04,2020-01-03,2022-10-03,693
equity_min_variance,equity,min_variance,2022-10-03,2022-10-04,2020-01-03,2022-10-03,693
equity_risk_parity,equity,risk_parity,2022-10-03,2022-10-04,2020-01-03,2022-10-03,693
combined_equal_weight,combined,equal_weight,2022-11-01,2022-11-02,2020-01-03,2022-11-01,714
combined_max_sharpe,combined,max_sharpe,2022-11-01,2022-11-02,2020-01-03,2022-11-01,714
combined_min_variance,combined,min_variance,2022-11-01,2022-11-02,2020-01-03,2022-11-01,714
combined_risk_parity,combined,risk_parity,2022-11-01,2022-11-02,2020-01-03,2022-11-01,714
crypto_equal_weight,crypto,equal_weight,2022-11-01,2022-11-02,2020-01-02,2022-11-01,1035
crypto_max_sharpe,crypto,max_sharpe,2022-11-01,2022-11-02,2020-01-02,2022-11-01,1035
crypto_min_variance,crypto,min_variance,2022-11-01,2022-11-02,2020-01-02,2022-11-01,1035
crypto_risk_parity,crypto,risk_parity,2022-11-01,2022-11-02,2020-01-02,2022-11-01,1035
equity_equal_weight,equity,equal_weight,2022-11-01,2022-11-02,2020-01-03,2022-11-01,714
equity_max_sharpe,equity,max_sharpe,2022-11-01,2022-11-02,2020-01-03,2022-11-01,714
equity_min_variance,equity,min_variance,2022-11-01,2022-11-02,2020-01-03,2022-11-01,714
equity_risk_parity,equity,risk_parity,2022-11-01,2022-11-02,2020-01-03,2022-11-01,714
combined_equal_weight,combined,equal_weight,2022-12-01,2022-12-02,2020-01-03,2022-12-01,735
combined_max_sharpe,combined,max_sharpe,2022-12-01,2022-12-02,2020-01-03,2022-12-01,735
combined_min_variance,combined,min_variance,2022-12-01,2022-12-02,2020-01-03,2022-12-01,735
combined_risk_parity,combined,risk_parity,2022-12-01,2022-12-02,2020-01-03,2022-12-01,735
crypto_equal_weight,crypto,equal_weight,2022-12-01,2022-12-02,2020-01-02,2022-12-01,1065
crypto_max_sharpe,crypto,max_sharpe,2022-12-01,2022-12-02,2020-01-02,2022-12-01,1065
crypto_min_variance,crypto,min_variance,2022-12-01,2022-12-02,2020-01-02,2022-12-01,1065
crypto_risk_parity,crypto,risk_parity,2022-12-01,2022-12-02,2020-01-02,2022-12-01,1065
equity_equal_weight,equity,equal_weight,2022-12-01,2022-12-02,2020-01-03,2022-12-01,735
equity_max_sharpe,equity,max_sharpe,2022-12-01,2022-12-02,2020-01-03,2022-12-01,735
equity_min_variance,equity,min_variance,2022-12-01,2022-12-02,2020-01-03,2022-12-01,735
equity_risk_parity,equity,risk_parity,2022-12-01,2022-12-02,2020-01-03,2022-12-01,735
crypto_equal_weight,crypto,equal_weight,2023-01-01,2023-01-02,2020-01-02,2023-01-01,1096
crypto_max_sharpe,crypto,max_sharpe,2023-01-01,2023-01-02,2020-01-02,2023-01-01,1096
crypto_min_variance,crypto,min_variance,2023-01-01,2023-01-02,2020-01-02,2023-01-01,1096
crypto_risk_parity,crypto,risk_parity,2023-01-01,2023-01-02,2020-01-02,2023-01-01,1096
combined_equal_weight,combined,equal_weight,2023-01-03,2023-01-04,2020-01-03,2023-01-03,756
combined_max_sharpe,combined,max_sharpe,2023-01-03,2023-01-04,2020-01-03,2023-01-03,756
combined_min_variance,combined,min_variance,2023-01-03,2023-01-04,2020-01-03,2023-01-03,756
combined_risk_parity,combined,risk_parity,2023-01-03,2023-01-04,2020-01-03,2023-01-03,756
equity_equal_weight,equity,equal_weight,2023-01-03,2023-01-04,2020-01-03,2023-01-03,756
equity_max_sharpe,equity,max_sharpe,2023-01-03,2023-01-04,2020-01-03,2023-01-03,756
equity_min_variance,equity,min_variance,2023-01-03,2023-01-04,2020-01-03,2023-01-03,756
equity_risk_parity,equity,risk_parity,2023-01-03,2023-01-04,2020-01-03,2023-01-03,756
combined_equal_weight,combined,equal_weight,2023-02-01,2023-02-02,2020-01-03,2023-02-01,776
combined_max_sharpe,combined,max_sharpe,2023-02-01,2023-02-02,2020-01-03,2023-02-01,776
combined_min_variance,combined,min_variance,2023-02-01,2023-02-02,2020-01-03,2023-02-01,776
combined_risk_parity,combined,risk_parity,2023-02-01,2023-02-02,2020-01-03,2023-02-01,776
crypto_equal_weight,crypto,equal_weight,2023-02-01,2023-02-02,2020-01-02,2023-02-01,1127
crypto_max_sharpe,crypto,max_sharpe,2023-02-01,2023-02-02,2020-01-02,2023-02-01,1127
crypto_min_variance,crypto,min_variance,2023-02-01,2023-02-02,2020-01-02,2023-02-01,1127
crypto_risk_parity,crypto,risk_parity,2023-02-01,2023-02-02,2020-01-02,2023-02-01,1127
equity_equal_weight,equity,equal_weight,2023-02-01,2023-02-02,2020-01-03,2023-02-01,776
equity_max_sharpe,equity,max_sharpe,2023-02-01,2023-02-02,2020-01-03,2023-02-01,776
equity_min_variance,equity,min_variance,2023-02-01,2023-02-02,2020-01-03,2023-02-01,776
equity_risk_parity,equity,risk_parity,2023-02-01,2023-02-02,2020-01-03,2023-02-01,776
combined_equal_weight,combined,equal_weight,2023-03-01,2023-03-02,2020-01-03,2023-03-01,795
combined_max_sharpe,combined,max_sharpe,2023-03-01,2023-03-02,2020-01-03,2023-03-01,795
combined_min_variance,combined,min_variance,2023-03-01,2023-03-02,2020-01-03,2023-03-01,795
combined_risk_parity,combined,risk_parity,2023-03-01,2023-03-02,2020-01-03,2023-03-01,795
crypto_equal_weight,crypto,equal_weight,2023-03-01,2023-03-02,2020-01-02,2023-03-01,1155
crypto_max_sharpe,crypto,max_sharpe,2023-03-01,2023-03-02,2020-01-02,2023-03-01,1155
crypto_min_variance,crypto,min_variance,2023-03-01,2023-03-02,2020-01-02,2023-03-01,1155
crypto_risk_parity,crypto,risk_parity,2023-03-01,2023-03-02,2020-01-02,2023-03-01,1155
equity_equal_weight,equity,equal_weight,2023-03-01,2023-03-02,2020-01-03,2023-03-01,795
equity_max_sharpe,equity,max_sharpe,2023-03-01,2023-03-02,2020-01-03,2023-03-01,795
equity_min_variance,equity,min_variance,2023-03-01,2023-03-02,2020-01-03,2023-03-01,795
equity_risk_parity,equity,risk_parity,2023-03-01,2023-03-02,2020-01-03,2023-03-01,795
crypto_equal_weight,crypto,equal_weight,2023-04-01,2023-04-02,2020-01-02,2023-04-01,1186
crypto_max_sharpe,crypto,max_sharpe,2023-04-01,2023-04-02,2020-01-02,2023-04-01,1186
crypto_min_variance,crypto,min_variance,2023-04-01,2023-04-02,2020-01-02,2023-04-01,1186
crypto_risk_parity,crypto,risk_parity,2023-04-01,2023-04-02,2020-01-02,2023-04-01,1186
combined_equal_weight,combined,equal_weight,2023-04-03,2023-04-04,2020-01-03,2023-04-03,818
combined_max_sharpe,combined,max_sharpe,2023-04-03,2023-04-04,2020-01-03,2023-04-03,818
combined_min_variance,combined,min_variance,2023-04-03,2023-04-04,2020-01-03,2023-04-03,818
combined_risk_parity,combined,risk_parity,2023-04-03,2023-04-04,2020-01-03,2023-04-03,818
equity_equal_weight,equity,equal_weight,2023-04-03,2023-04-04,2020-01-03,2023-04-03,818
equity_max_sharpe,equity,max_sharpe,2023-04-03,2023-04-04,2020-01-03,2023-04-03,818
equity_min_variance,equity,min_variance,2023-04-03,2023-04-04,2020-01-03,2023-04-03,818
equity_risk_parity,equity,risk_parity,2023-04-03,2023-04-04,2020-01-03,2023-04-03,818
combined_equal_weight,combined,equal_weight,2023-05-01,2023-05-02,2020-01-03,2023-05-01,837
combined_max_sharpe,combined,max_sharpe,2023-05-01,2023-05-02,2020-01-03,2023-05-01,837
combined_min_variance,combined,min_variance,2023-05-01,2023-05-02,2020-01-03,2023-05-01,837
combined_risk_parity,combined,risk_parity,2023-05-01,2023-05-02,2020-01-03,2023-05-01,837
crypto_equal_weight,crypto,equal_weight,2023-05-01,2023-05-02,2020-01-02,2023-05-01,1216
crypto_max_sharpe,crypto,max_sharpe,2023-05-01,2023-05-02,2020-01-02,2023-05-01,1216
crypto_min_variance,crypto,min_variance,2023-05-01,2023-05-02,2020-01-02,2023-05-01,1216
crypto_risk_parity,crypto,risk_parity,2023-05-01,2023-05-02,2020-01-02,2023-05-01,1216
equity_equal_weight,equity,equal_weight,2023-05-01,2023-05-02,2020-01-03,2023-05-01,837
equity_max_sharpe,equity,max_sharpe,2023-05-01,2023-05-02,2020-01-03,2023-05-01,837
equity_min_variance,equity,min_variance,2023-05-01,2023-05-02,2020-01-03,2023-05-01,837
equity_risk_parity,equity,risk_parity,2023-05-01,2023-05-02,2020-01-03,2023-05-01,837
combined_equal_weight,combined,equal_weight,2023-06-01,2023-06-02,2020-01-03,2023-06-01,859
combined_max_sharpe,combined,max_sharpe,2023-06-01,2023-06-02,2020-01-03,2023-06-01,859
combined_min_variance,combined,min_variance,2023-06-01,2023-06-02,2020-01-03,2023-06-01,859
combined_risk_parity,combined,risk_parity,2023-06-01,2023-06-02,2020-01-03,2023-06-01,859
crypto_equal_weight,crypto,equal_weight,2023-06-01,2023-06-02,2020-01-02,2023-06-01,1247
crypto_max_sharpe,crypto,max_sharpe,2023-06-01,2023-06-02,2020-01-02,2023-06-01,1247
crypto_min_variance,crypto,min_variance,2023-06-01,2023-06-02,2020-01-02,2023-06-01,1247
crypto_risk_parity,crypto,risk_parity,2023-06-01,2023-06-02,2020-01-02,2023-06-01,1247
equity_equal_weight,equity,equal_weight,2023-06-01,2023-06-02,2020-01-03,2023-06-01,859
equity_max_sharpe,equity,max_sharpe,2023-06-01,2023-06-02,2020-01-03,2023-06-01,859
equity_min_variance,equity,min_variance,2023-06-01,2023-06-02,2020-01-03,2023-06-01,859
equity_risk_parity,equity,risk_parity,2023-06-01,2023-06-02,2020-01-03,2023-06-01,859
crypto_equal_weight,crypto,equal_weight,2023-07-01,2023-07-02,2020-01-02,2023-07-01,1277
crypto_max_sharpe,crypto,max_sharpe,2023-07-01,2023-07-02,2020-01-02,2023-07-01,1277
crypto_min_variance,crypto,min_variance,2023-07-01,2023-07-02,2020-01-02,2023-07-01,1277
crypto_risk_parity,crypto,risk_parity,2023-07-01,2023-07-02,2020-01-02,2023-07-01,1277
combined_equal_weight,combined,equal_weight,2023-07-03,2023-07-05,2020-01-03,2023-07-03,880
combined_max_sharpe,combined,max_sharpe,2023-07-03,2023-07-05,2020-01-03,2023-07-03,880
combined_min_variance,combined,min_variance,2023-07-03,2023-07-05,2020-01-03,2023-07-03,880
combined_risk_parity,combined,risk_parity,2023-07-03,2023-07-05,2020-01-03,2023-07-03,880
equity_equal_weight,equity,equal_weight,2023-07-03,2023-07-05,2020-01-03,2023-07-03,880
equity_max_sharpe,equity,max_sharpe,2023-07-03,2023-07-05,2020-01-03,2023-07-03,880
equity_min_variance,equity,min_variance,2023-07-03,2023-07-05,2020-01-03,2023-07-03,880
equity_risk_parity,equity,risk_parity,2023-07-03,2023-07-05,2020-01-03,2023-07-03,880
combined_equal_weight,combined,equal_weight,2023-08-01,2023-08-02,2020-01-03,2023-08-01,900
combined_max_sharpe,combined,max_sharpe,2023-08-01,2023-08-02,2020-01-03,2023-08-01,900
combined_min_variance,combined,min_variance,2023-08-01,2023-08-02,2020-01-03,2023-08-01,900
combined_risk_parity,combined,risk_parity,2023-08-01,2023-08-02,2020-01-03,2023-08-01,900
crypto_equal_weight,crypto,equal_weight,2023-08-01,2023-08-02,2020-01-02,2023-08-01,1308
crypto_max_sharpe,crypto,max_sharpe,2023-08-01,2023-08-02,2020-01-02,2023-08-01,1308
crypto_min_variance,crypto,min_variance,2023-08-01,2023-08-02,2020-01-02,2023-08-01,1308
crypto_risk_parity,crypto,risk_parity,2023-08-01,2023-08-02,2020-01-02,2023-08-01,1308
equity_equal_weight,equity,equal_weight,2023-08-01,2023-08-02,2020-01-03,2023-08-01,900
equity_max_sharpe,equity,max_sharpe,2023-08-01,2023-08-02,2020-01-03,2023-08-01,900
equity_min_variance,equity,min_variance,2023-08-01,2023-08-02,2020-01-03,2023-08-01,900
equity_risk_parity,equity,risk_parity,2023-08-01,2023-08-02,2020-01-03,2023-08-01,900
crypto_equal_weight,crypto,equal_weight,2023-09-01,2023-09-02,2020-01-02,2023-09-01,1339
crypto_max_sharpe,crypto,max_sharpe,2023-09-01,2023-09-02,2020-01-02,2023-09-01,1339
crypto_min_variance,crypto,min_variance,2023-09-01,2023-09-02,2020-01-02,2023-09-01,1339
crypto_risk_parity,crypto,risk_parity,2023-09-01,2023-09-02,2020-01-02,2023-09-01,1339
combined_equal_weight,combined,equal_weight,2023-09-01,2023-09-05,2020-01-03,2023-09-01,923
combined_max_sharpe,combined,max_sharpe,2023-09-01,2023-09-05,2020-01-03,2023-09-01,923
combined_min_variance,combined,min_variance,2023-09-01,2023-09-05,2020-01-03,2023-09-01,923
combined_risk_parity,combined,risk_parity,2023-09-01,2023-09-05,2020-01-03,2023-09-01,923
equity_equal_weight,equity,equal_weight,2023-09-01,2023-09-05,2020-01-03,2023-09-01,923
equity_max_sharpe,equity,max_sharpe,2023-09-01,2023-09-05,2020-01-03,2023-09-01,923
equity_min_variance,equity,min_variance,2023-09-01,2023-09-05,2020-01-03,2023-09-01,923
equity_risk_parity,equity,risk_parity,2023-09-01,2023-09-05,2020-01-03,2023-09-01,923
crypto_equal_weight,crypto,equal_weight,2023-10-01,2023-10-02,2020-01-02,2023-10-01,1369
crypto_max_sharpe,crypto,max_sharpe,2023-10-01,2023-10-02,2020-01-02,2023-10-01,1369
crypto_min_variance,crypto,min_variance,2023-10-01,2023-10-02,2020-01-02,2023-10-01,1369
crypto_risk_parity,crypto,risk_parity,2023-10-01,2023-10-02,2020-01-02,2023-10-01,1369
combined_equal_weight,combined,equal_weight,2023-10-02,2023-10-03,2020-01-03,2023-10-02,943
combined_max_sharpe,combined,max_sharpe,2023-10-02,2023-10-03,2020-01-03,2023-10-02,943
combined_min_variance,combined,min_variance,2023-10-02,2023-10-03,2020-01-03,2023-10-02,943
combined_risk_parity,combined,risk_parity,2023-10-02,2023-10-03,2020-01-03,2023-10-02,943
equity_equal_weight,equity,equal_weight,2023-10-02,2023-10-03,2020-01-03,2023-10-02,943
equity_max_sharpe,equity,max_sharpe,2023-10-02,2023-10-03,2020-01-03,2023-10-02,943
equity_min_variance,equity,min_variance,2023-10-02,2023-10-03,2020-01-03,2023-10-02,943
equity_risk_parity,equity,risk_parity,2023-10-02,2023-10-03,2020-01-03,2023-10-02,943
combined_equal_weight,combined,equal_weight,2023-11-01,2023-11-02,2020-01-03,2023-11-01,965
combined_max_sharpe,combined,max_sharpe,2023-11-01,2023-11-02,2020-01-03,2023-11-01,965
combined_min_variance,combined,min_variance,2023-11-01,2023-11-02,2020-01-03,2023-11-01,965
combined_risk_parity,combined,risk_parity,2023-11-01,2023-11-02,2020-01-03,2023-11-01,965
crypto_equal_weight,crypto,equal_weight,2023-11-01,2023-11-02,2020-01-02,2023-11-01,1400
crypto_max_sharpe,crypto,max_sharpe,2023-11-01,2023-11-02,2020-01-02,2023-11-01,1400
crypto_min_variance,crypto,min_variance,2023-11-01,2023-11-02,2020-01-02,2023-11-01,1400
crypto_risk_parity,crypto,risk_parity,2023-11-01,2023-11-02,2020-01-02,2023-11-01,1400
equity_equal_weight,equity,equal_weight,2023-11-01,2023-11-02,2020-01-03,2023-11-01,965
equity_max_sharpe,equity,max_sharpe,2023-11-01,2023-11-02,2020-01-03,2023-11-01,965
equity_min_variance,equity,min_variance,2023-11-01,2023-11-02,2020-01-03,2023-11-01,965
equity_risk_parity,equity,risk_parity,2023-11-01,2023-11-02,2020-01-03,2023-11-01,965
crypto_equal_weight,crypto,equal_weight,2023-12-01,2023-12-02,2020-01-02,2023-12-01,1430
crypto_max_sharpe,crypto,max_sharpe,2023-12-01,2023-12-02,2020-01-02,2023-12-01,1430
crypto_min_variance,crypto,min_variance,2023-12-01,2023-12-02,2020-01-02,2023-12-01,1430
crypto_risk_parity,crypto,risk_parity,2023-12-01,2023-12-02,2020-01-02,2023-12-01,1430
combined_equal_weight,combined,equal_weight,2023-12-01,2023-12-04,2020-01-03,2023-12-01,986
combined_max_sharpe,combined,max_sharpe,2023-12-01,2023-12-04,2020-01-03,2023-12-01,986
combined_min_variance,combined,min_variance,2023-12-01,2023-12-04,2020-01-03,2023-12-01,986
combined_risk_parity,combined,risk_parity,2023-12-01,2023-12-04,2020-01-03,2023-12-01,986
equity_equal_weight,equity,equal_weight,2023-12-01,2023-12-04,2020-01-03,2023-12-01,986
equity_max_sharpe,equity,max_sharpe,2023-12-01,2023-12-04,2020-01-03,2023-12-01,986
equity_min_variance,equity,min_variance,2023-12-01,2023-12-04,2020-01-03,2023-12-01,986
equity_risk_parity,equity,risk_parity,2023-12-01,2023-12-04,2020-01-03,2023-12-01,986
