rebalance_date,effective_date,fund_id,ticker,asset_class,sector,pre_trade_weight,weight,trade_weight_change,rebalance_turnover,estimation_end,rank
2023-12-01,2023-12-04,combined_equal_weight,ABBV,equity,Healthcare,0.015527564857075033,0.016666666666666666,0.0011391018095916333,0.032536077785333115,2023-12-01,1
2023-12-01,2023-12-04,combined_equal_weight,ABT,equity,Healthcare,0.017028275372800068,0.016666666666666666,-0.0003616087061334011,0.032536077785333115,2023-12-01,2
2023-12-01,2023-12-04,combined_equal_weight,ADA-USD,crypto,,0.017400525719105577,0.016666666666666666,-0.0007338590524389108,0.032536077785333115,2023-12-01,3
2023-12-01,2023-12-04,combined_equal_weight,ADBE,equity,Tech,0.017351388268600252,0.016666666666666666,-0.0006847216019335856,0.032536077785333115,2023-12-01,4
2023-12-01,2023-12-04,combined_equal_weight,AEP,equity,Utilities,0.01642356071601297,0.016666666666666666,0.00024310595065369506,0.032536077785333115,2023-12-01,5
2023-12-01,2023-12-04,combined_equal_weight,AMD,equity,Tech,0.017331878743294754,0.016666666666666666,-0.0006652120766280877,0.032536077785333115,2023-12-01,6
2023-12-01,2023-12-04,combined_equal_weight,AMGN,equity,Healthcare,0.01623907868548923,0.016666666666666666,0.000427587981177438,0.032536077785333115,2023-12-01,7
2023-12-01,2023-12-04,combined_equal_weight,AMT,equity,RealEstate,0.0182008314207158,0.016666666666666666,-0.0015341647540491332,0.032536077785333115,2023-12-01,8
2023-12-01,2023-12-04,combined_equal_weight,BA,equity,Industrials,0.019049680455827712,0.016666666666666666,-0.0023830137891610453,0.032536077785333115,2023-12-01,9
2023-12-01,2023-12-04,combined_equal_weight,BCH-USD,crypto,,0.014172760765863077,0.016666666666666666,0.002493905900803589,0.032536077785333115,2023-12-01,10
2023-12-01,2023-12-04,combined_equal_weight,BTC-USD,crypto,,0.016619843247302833,0.016666666666666666,4.6823419363833246e-05,0.032536077785333115,2023-12-01,11
2023-12-01,2023-12-04,combined_equal_weight,CAT,equity,Industrials,0.017084608484045537,0.016666666666666666,-0.000417941817378871,0.032536077785333115,2023-12-01,12
2023-12-01,2023-12-04,combined_equal_weight,CCI,equity,RealEstate,0.0197883320686698,0.016666666666666666,-0.003121665402003135,0.032536077785333115,2023-12-01,13
2023-12-01,2023-12-04,combined_equal_weight,CMCSA,equity,Comm,0.015569643440586976,0.016666666666666666,0.0010970232260796905,0.032536077785333115,2023-12-01,14
2023-12-01,2023-12-04,combined_equal_weight,COP,equity,Energy,0.015312216048866258,0.016666666666666666,0.0013544506178004082,0.032536077785333115,2023-12-01,15
2023-12-01,2023-12-04,combined_equal_weight,CVX,equity,Energy,0.015677349092045267,0.016666666666666666,0.000989317574621399,0.032536077785333115,2023-12-01,16
2023-12-01,2023-12-04,combined_equal_weight,D,equity,Utilities,0.018159171871226863,0.016666666666666666,-0.0014925052045601968,0.032536077785333115,2023-12-01,17
2023-12-01,2023-12-04,combined_equal_weight,DD,equity,Materials,0.016776006335294278,0.016666666666666666,-0.00010933966862761157,0.032536077785333115,2023-12-01,18
2023-12-01,2023-12-04,combined_equal_weight,DIS,equity,Consumer,0.01761587636144647,0.016666666666666666,-0.0009492096947798026,0.032536077785333115,2023-12-01,19
2023-12-01,2023-12-04,combined_equal_weight,DOW,equity,Materials,0.016964201544581888,0.016666666666666666,-0.00029753487791522176,0.032536077785333115,2023-12-01,20
2023-12-01,2023-12-04,combined_equal_weight,DUK,equity,Utilities,0.016144514088474914,0.016666666666666666,0.0005221525781917528,0.032536077785333115,2023-12-01,21
2023-12-01,2023-12-04,combined_equal_weight,EA,equity,Comm,0.01719183059028136,0.016666666666666666,-0.0005251639236146938,0.032536077785333115,2023-12-01,22
2023-12-01,2023-12-04,combined_equal_weight,EOS-USD,crypto,,0.014643692608243424,0.016666666666666666,0.0020229740584232422,0.032536077785333115,2023-12-01,23
2023-12-01,2023-12-04,combined_equal_weight,ETC-USD,crypto,,0.016302102102999552,0.016666666666666666,0.00036456456366711423,0.032536077785333115,2023-12-01,24
2023-12-01,2023-12-04,combined_equal_weight,ETH-USD,crypto,,0.01685947838064663,0.016666666666666666,-0.00019281171397996302,0.032536077785333115,2023-12-01,25
2023-12-01,2023-12-04,combined_equal_weight,GE,equity,Industrials,0.01761919523002603,0.016666666666666666,-0.0009525285633593637,0.032536077785333115,2023-12-01,26
2023-12-01,2023-12-04,combined_equal_weight,GILD,equity,Healthcare,0.01493717727580731,0.016666666666666666,0.001729489390859356,0.032536077785333115,2023-12-01,27
2023-12-01,2023-12-04,combined_equal_weight,GS,equity,Financials,0.017642076372019585,0.016666666666666666,-0.0009754097053529184,0.032536077785333115,2023-12-01,28
2023-12-01,2023-12-04,combined_equal_weight,INTC,equity,Tech,0.01815346049003994,0.016666666666666666,-0.0014867938233732725,0.032536077785333115,2023-12-01,29
2023-12-01,2023-12-04,combined_equal_weight,KO,equity,Consumer,0.016154691077297813,0.016666666666666666,0.0005119755893688537,0.032536077785333115,2023-12-01,30
2023-12-01,2023-12-04,combined_equal_weight,LTC-USD,crypto,,0.014850862340706808,0.016666666666666666,0.0018158043259598588,0.032536077785333115,2023-12-01,31
2023-12-01,2023-12-04,combined_equal_weight,MMM,equity,Industrials,0.017275876956791805,0.016666666666666666,-0.0006092102901251381,0.032536077785333115,2023-12-01,32
2023-12-01,2023-12-04,combined_equal_weight,MRK,equity,Healthcare,0.015517278795138435,0.016666666666666666,0.0011493878715282315,0.032536077785333115,2023-12-01,33
2023-12-01,2023-12-04,combined_equal_weight,MS,equity,Financials,0.017586918241110354,0.016666666666666666,-0.0009202515744436875,0.032536077785333115,2023-12-01,34
2023-12-01,2023-12-04,combined_equal_weight,NEE,equity,Utilities,0.015748266644469613,0.016666666666666666,0.000918400022197053,0.032536077785333115,2023-12-01,35
2023-12-01,2023-12-04,combined_equal_weight,NEM,equity,Materials,0.017222189311452963,0.016666666666666666,-0.0005555226447862965,0.032536077785333115,2023-12-01,36
2023-12-01,2023-12-04,combined_equal_weight,NKE,equity,Consumer,0.017410900669948572,0.016666666666666666,-0.0007442340032819059,0.032536077785333115,2023-12-01,37
2023-12-01,2023-12-04,combined_equal_weight,NUE,equity,Materials,0.01776274120382237,0.016666666666666666,-0.0010960745371557043,0.032536077785333115,2023-12-01,38
2023-12-01,2023-12-04,combined_equal_weight,NVDA,equity,Tech,0.017043988990175365,0.016666666666666666,-0.0003773223235086984,0.032536077785333115,2023-12-01,39
2023-12-01,2023-12-04,combined_equal_weight,O,equity,RealEstate,0.017634602590369936,0.016666666666666666,-0.0009679359237032698,0.032536077785333115,2023-12-01,40
2023-12-01,2023-12-04,combined_equal_weight,OXY,equity,Energy,0.014789749095547316,0.016666666666666666,0.0018769175711193502,0.032536077785333115,2023-12-01,41
2023-12-01,2023-12-04,combined_equal_weight,PLD,equity,RealEstate,0.017955251891851372,0.016666666666666666,-0.001288585225184706,0.032536077785333115,2023-12-01,42
2023-12-01,2023-12-04,combined_equal_weight,PSA,equity,RealEstate,0.016914380500600686,0.016666666666666666,-0.00024771383393401916,0.032536077785333115,2023-12-01,43
2023-12-01,2023-12-04,combined_equal_weight,QCOM,equity,Tech,0.01815296970104494,0.016666666666666666,-0.0014863030343782724,0.032536077785333115,2023-12-01,44
2023-12-01,2023-12-04,combined_equal_weight,SBUX,equity,Consumer,0.016843425021388435,0.016666666666666666,-0.0001767583547217684,0.032536077785333115,2023-12-01,45
2023-12-01,2023-12-04,combined_equal_weight,SHW,equity,Materials,0.018271048649345246,0.016666666666666666,-0.0016043819826785793,0.032536077785333115,2023-12-01,46
2023-12-01,2023-12-04,combined_equal_weight,SLB,equity,Energy,0.014467542306922116,0.016666666666666666,0.0021991243597445503,0.032536077785333115,2023-12-01,47
2023-12-01,2023-12-04,combined_equal_weight,SO,equity,Utilities,0.016284568993848836,0.016666666666666666,0.0003820976728178306,0.032536077785333115,2023-12-01,48
2023-12-01,2023-12-04,combined_equal_weight,T,equity,Comm,0.01659410687243885,0.016666666666666666,7.255979422781528e-05,0.032536077785333115,2023-12-01,49
2023-12-01,2023-12-04,combined_equal_weight,TMUS,equity,Comm,0.016262173453495198,0.016666666666666666,0.0004044932131714689,0.032536077785333115,2023-12-01,50
2023-12-01,2023-12-04,combined_equal_weight,TRX-USD,crypto,,0.014866547344720097,0.016666666666666666,0.0018001193219465694,0.032536077785333115,2023-12-01,51
2023-12-01,2023-12-04,combined_equal_weight,TTWO,equity,Comm,0.01819599510502539,0.016666666666666666,-0.0015293284383587243,0.032536077785333115,2023-12-01,52
2023-12-01,2023-12-04,combined_equal_weight,UPS,equity,Industrials,0.01729322873073179,0.016666666666666666,-0.0006265620640651219,0.032536077785333115,2023-12-01,53
2023-12-01,2023-12-04,combined_equal_weight,USB,equity,Financials,0.019066773608728233,0.016666666666666666,-0.0024001069420615667,0.032536077785333115,2023-12-01,54
2023-12-01,2023-12-04,combined_equal_weight,V,equity,Financials,0.016616501815328012,0.016666666666666666,5.01648513386542e-05,0.032536077785333115,2023-12-01,55
2023-12-01,2023-12-04,combined_equal_weight,WFC,equity,Financials,0.01768896890432308,0.016666666666666666,-0.0010223022376564146,0.032536077785333115,2023-12-01,56
2023-12-01,2023-12-04,combined_equal_weight,WMT,equity,Consumer,0.014440564319773135,0.016666666666666666,0.002226102346893532,0.032536077785333115,2023-12-01,57
2023-12-01,2023-12-04,combined_equal_weight,XLM-USD,crypto,,0.014155022141074124,0.016666666666666666,0.002511644525592542,0.032536077785333115,2023-12-01,58
2023-12-01,2023-12-04,combined_equal_weight,XOM,equity,Energy,0.015176347512684424,0.016666666666666666,0.0014903191539822423,0.032536077785333115,2023-12-01,59
2023-12-01,2023-12-04,combined_equal_weight,XRP-USD,crypto,,0.013970196572455231,0.016666666666666666,0.002696470094211435,0.032536077785333115,2023-12-01,60
2023-12-01,2023-12-04,combined_max_sharpe,ABBV,equity,Healthcare,0.310459815488869,0.32356440421281224,0.013104588723943267,0.07493985666326528,2023-12-01,1
2023-12-01,2023-12-04,combined_max_sharpe,NVDA,equity,Tech,0.3228992141342912,0.3168453478696552,-0.006053866264635999,0.07493985666326528,2023-12-01,2
2023-12-01,2023-12-04,combined_max_sharpe,NUE,equity,Materials,0.1438474563290264,0.18221661288049662,0.03836915655147022,0.07493985666326528,2023-12-01,3
2023-12-01,2023-12-04,combined_max_sharpe,BTC-USD,crypto,,0.057921642060067426,0.07674967778816945,0.018828035728102023,0.07493985666326528,2023-12-01,4
2023-12-01,2023-12-04,combined_max_sharpe,TRX-USD,crypto,,0.0700772582095136,0.06329790003660726,-0.006779358172906341,0.07493985666326528,2023-12-01,5
2023-12-01,2023-12-04,combined_max_sharpe,ETC-USD,crypto,,0.015338246876609972,0.017684249555034465,0.0023460026784244935,0.07493985666326528,2023-12-01,6
2023-12-01,2023-12-04,combined_max_sharpe,XRP-USD,crypto,,0.0243178963274884,0.015525114901164334,-0.008792781426324066,0.07493985666326528,2023-12-01,7
2023-12-01,2023-12-04,combined_max_sharpe,ETH-USD,crypto,,0.0,0.002292072981301527,0.002292072981301527,0.07493985666326528,2023-12-01,8
2023-12-01,2023-12-04,combined_max_sharpe,GILD,equity,Healthcare,0.04252297072977852,0.001824619774725541,-0.04069835095505298,0.07493985666326528,2023-12-01,9
2023-12-01,2023-12-04,combined_max_sharpe,OXY,equity,Energy,0.012615499844347242,4.996565956424648e-15,-0.012615499844342246,0.07493985666326528,2023-12-01,10
2023-12-01,2023-12-04,combined_max_sharpe,COP,equity,Energy,4.3815180601107075e-16,3.5442709259821832e-15,3.1061191199711125e-15,0.07493985666326528,2023-12-01,11
2023-12-01,2023-12-04,combined_max_sharpe,XOM,equity,Energy,4.117602245383209e-16,2.317102179927631e-15,1.90534195538931e-15,0.07493985666326528,2023-12-01,12
2023-12-01,2023-12-04,combined_max_sharpe,NEM,equity,Materials,0.0,2.1571903749733103e-15,2.1571903749733103e-15,0.07493985666326528,2023-12-01,13
2023-12-01,2023-12-04,combined_max_sharpe,TMUS,equity,Comm,4.132441436726785e-16,2.095413639860368e-15,1.6821694961876896e-15,0.07493985666326528,2023-12-01,14
2023-12-01,2023-12-04,combined_max_sharpe,MRK,equity,Healthcare,7.735765651778167e-17,1.8697873347183353e-15,1.7924296782005537e-15,0.07493985666326528,2023-12-01,15
2023-12-01,2023-12-04,combined_max_sharpe,PSA,equity,RealEstate,1.0911279147236256e-16,1.865062578321106e-15,1.7559497868487434e-15,0.07493985666326528,2023-12-01,16
2023-12-01,2023-12-04,combined_max_sharpe,WMT,equity,Consumer,6.615488176885829e-16,1.5962043168331293e-15,9.346554991445463e-16,0.07493985666326528,2023-12-01,17
2023-12-01,2023-12-04,combined_max_sharpe,SO,equity,Utilities,3.3230627393763106e-16,1.4484639187271545e-15,1.1161576447895234e-15,0.07493985666326528,2023-12-01,18
2023-12-01,2023-12-04,combined_max_sharpe,AMGN,equity,Healthcare,0.0,1.3794562768632483e-15,1.3794562768632483e-15,0.07493985666326528,2023-12-01,19
2023-12-01,2023-12-04,combined_max_sharpe,UPS,equity,Industrials,7.534432784869912e-17,1.1945269499333393e-15,1.1191826220846402e-15,0.07493985666326528,2023-12-01,20
2023-12-01,2023-12-04,combined_max_sharpe,CAT,equity,Industrials,2.6255418871741243e-16,1.159848387204132e-15,8.972941984867195e-16,0.07493985666326528,2023-12-01,21
2023-12-01,2023-12-04,combined_max_sharpe,SLB,equity,Energy,0.0,1.1455856560090156e-15,1.1455856560090156e-15,0.07493985666326528,2023-12-01,22
2023-12-01,2023-12-04,combined_max_sharpe,EA,equity,Comm,2.992315790336842e-16,1.0268994226008065e-15,7.276678435671223e-16,0.07493985666326528,2023-12-01,23
2023-12-01,2023-12-04,combined_max_sharpe,AEP,equity,Utilities,0.0,1.0233671959490827e-15,1.0233671959490827e-15,0.07493985666326528,2023-12-01,24
2023-12-01,2023-12-04,combined_max_sharpe,GE,equity,Industrials,1.9764676621408956e-16,1.005919207281984e-15,8.082724410678945e-16,0.07493985666326528,2023-12-01,25
2023-12-01,2023-12-04,combined_max_sharpe,DUK,equity,Utilities,0.0,7.154484750811275e-16,7.154484750811275e-16,0.07493985666326528,2023-12-01,26
2023-12-01,2023-12-04,combined_max_sharpe,XLM-USD,crypto,,5.882266581005255e-16,6.899104431947927e-16,1.0168378509426722e-16,0.07493985666326528,2023-12-01,27
2023-12-01,2023-12-04,combined_max_sharpe,SHW,equity,Materials,9.158151011648168e-18,5.604261792882133e-16,5.512680282765651e-16,0.07493985666326528,2023-12-01,28
2023-12-01,2023-12-04,combined_max_sharpe,TTWO,equity,Comm,2.94562065993327e-16,4.795721611643493e-16,1.8501009517102224e-16,0.07493985666326528,2023-12-01,29
2023-12-01,2023-12-04,combined_max_sharpe,KO,equity,Consumer,0.0,4.055700508454712e-16,4.055700508454712e-16,0.07493985666326528,2023-12-01,30
2023-12-01,2023-12-04,combined_max_sharpe,CVX,equity,Energy,2.5940480492833766e-16,2.2101774467410534e-16,-3.838706025423232e-17,0.07493985666326528,2023-12-01,31
2023-12-01,2023-12-04,combined_max_sharpe,GS,equity,Financials,4.86529588862757e-16,2.095486604879316e-16,-2.7698092837482544e-16,0.07493985666326528,2023-12-01,32
2023-12-01,2023-12-04,combined_max_sharpe,PLD,equity,RealEstate,7.767850451233718e-17,1.5030815553881417e-16,7.262965102647699e-17,0.07493985666326528,2023-12-01,33
2023-12-01,2023-12-04,combined_max_sharpe,MS,equity,Financials,3.9439928131495875e-17,9.715458842468188e-17,5.7714660293186e-17,0.07493985666326528,2023-12-01,34
2023-12-01,2023-12-04,combined_max_sharpe,ABT,equity,Healthcare,9.792311049605963e-16,0.0,-9.792311049605963e-16,0.07493985666326528,2023-12-01,35
2023-12-01,2023-12-04,combined_max_sharpe,ADA-USD,crypto,,1.9510062202486424e-16,0.0,-1.9510062202486424e-16,0.07493985666326528,2023-12-01,36
2023-12-01,2023-12-04,combined_max_sharpe,ADBE,equity,Tech,0.0,0.0,0.0,0.07493985666326528,2023-12-01,37
2023-12-01,2023-12-04,combined_max_sharpe,AMD,equity,Tech,9.384215896227674e-17,0.0,-9.384215896227674e-17,0.07493985666326528,2023-12-01,38
2023-12-01,2023-12-04,combined_max_sharpe,AMT,equity,RealEstate,0.0,0.0,0.0,0.07493985666326528,2023-12-01,39
2023-12-01,2023-12-04,combined_max_sharpe,BA,equity,Industrials,0.0,0.0,0.0,0.07493985666326528,2023-12-01,40
2023-12-01,2023-12-04,combined_max_sharpe,BCH-USD,crypto,,3.245575904945185e-19,0.0,-3.245575904945185e-19,0.07493985666326528,2023-12-01,41
2023-12-01,2023-12-04,combined_max_sharpe,CCI,equity,RealEstate,4.704217563147418e-16,0.0,-4.704217563147418e-16,0.07493985666326528,2023-12-01,42
2023-12-01,2023-12-04,combined_max_sharpe,CMCSA,equity,Comm,0.0,0.0,0.0,0.07493985666326528,2023-12-01,43
2023-12-01,2023-12-04,combined_max_sharpe,D,equity,Utilities,0.0,0.0,0.0,0.07493985666326528,2023-12-01,44
2023-12-01,2023-12-04,combined_max_sharpe,DD,equity,Materials,0.0,0.0,0.0,0.07493985666326528,2023-12-01,45
2023-12-01,2023-12-04,combined_max_sharpe,DIS,equity,Consumer,3.9716563240783393e-16,0.0,-3.9716563240783393e-16,0.07493985666326528,2023-12-01,46
2023-12-01,2023-12-04,combined_max_sharpe,DOW,equity,Materials,0.0,0.0,0.0,0.07493985666326528,2023-12-01,47
2023-12-01,2023-12-04,combined_max_sharpe,EOS-USD,crypto,,9.886353731883562e-16,0.0,-9.886353731883562e-16,0.07493985666326528,2023-12-01,48
2023-12-01,2023-12-04,combined_max_sharpe,INTC,equity,Tech,0.0,0.0,0.0,0.07493985666326528,2023-12-01,49
2023-12-01,2023-12-04,combined_max_sharpe,LTC-USD,crypto,,0.0,0.0,0.0,0.07493985666326528,2023-12-01,50
2023-12-01,2023-12-04,combined_max_sharpe,MMM,equity,Industrials,0.0,0.0,0.0,0.07493985666326528,2023-12-01,51
2023-12-01,2023-12-04,combined_max_sharpe,NEE,equity,Utilities,0.0,0.0,0.0,0.07493985666326528,2023-12-01,52
2023-12-01,2023-12-04,combined_max_sharpe,NKE,equity,Consumer,0.0,0.0,0.0,0.07493985666326528,2023-12-01,53
2023-12-01,2023-12-04,combined_max_sharpe,O,equity,RealEstate,0.0,0.0,0.0,0.07493985666326528,2023-12-01,54
2023-12-01,2023-12-04,combined_max_sharpe,QCOM,equity,Tech,1.2562065186907816e-16,0.0,-1.2562065186907816e-16,0.07493985666326528,2023-12-01,55
2023-12-01,2023-12-04,combined_max_sharpe,SBUX,equity,Consumer,2.215197696784e-17,0.0,-2.215197696784e-17,0.07493985666326528,2023-12-01,56
2023-12-01,2023-12-04,combined_max_sharpe,T,equity,Comm,0.0,0.0,0.0,0.07493985666326528,2023-12-01,57
2023-12-01,2023-12-04,combined_max_sharpe,USB,equity,Financials,0.0,0.0,0.0,0.07493985666326528,2023-12-01,58
2023-12-01,2023-12-04,combined_max_sharpe,V,equity,Financials,1.3799312539460672e-16,0.0,-1.3799312539460672e-16,0.07493985666326528,2023-12-01,59
2023-12-01,2023-12-04,combined_max_sharpe,WFC,equity,Financials,0.0,0.0,0.0,0.07493985666326528,2023-12-01,60
2023-12-01,2023-12-04,combined_min_variance,WMT,equity,Consumer,0.1848562621306604,0.19928024672076078,0.014423984590100386,0.03318234886395297,2023-12-01,1
2023-12-01,2023-12-04,combined_min_variance,MRK,equity,Healthcare,0.12037944721006616,0.1281761243518576,0.0077966771417914416,0.03318234886395297,2023-12-01,2
2023-12-01,2023-12-04,combined_min_variance,ABBV,equity,Healthcare,0.1156526204989283,0.11875528932120227,0.003102668822273974,0.03318234886395297,2023-12-01,3
2023-12-01,2023-12-04,combined_min_variance,KO,equity,Consumer,0.09915157781267347,0.10274008652277815,0.0035885087101046736,0.03318234886395297,2023-12-01,4
2023-12-01,2023-12-04,combined_min_variance,EA,equity,Comm,0.11080543425463843,0.10167835364924832,-0.009127080605390109,0.03318234886395297,2023-12-01,5
2023-12-01,2023-12-04,combined_min_variance,GILD,equity,Healthcare,0.09725718064775687,0.1013009776265819,0.004043796978825023,0.03318234886395297,2023-12-01,6
2023-12-01,2023-12-04,combined_min_variance,NEM,equity,Materials,0.08795878812022336,0.07856443523573933,-0.009394352884484022,0.03318234886395297,2023-12-01,7
2023-12-01,2023-12-04,combined_min_variance,PSA,equity,RealEstate,0.05386374248600403,0.04774724106962381,-0.006116501416380218,0.03318234886395297,2023-12-01,8
2023-12-01,2023-12-04,combined_min_variance,MMM,equity,Industrials,0.048167530269059615,0.04328689338895376,-0.004880636880105857,0.03318234886395297,2023-12-01,9
2023-12-01,2023-12-04,combined_min_variance,TTWO,equity,Comm,0.03681888699518907,0.03483274997369073,-0.0019861370214983437,0.03318234886395297,2023-12-01,10
2023-12-01,2023-12-04,combined_min_variance,T,equity,Comm,0.03198124843733552,0.0322079610581929,0.0002267126208573833,0.03318234886395297,2023-12-01,11
2023-12-01,2023-12-04,combined_min_variance,UPS,equity,Industrials,0.013107281137464587,0.011429641081370304,-0.001677640056094283,0.03318234886395297,2023-12-01,12
2023-12-01,2023-12-04,combined_min_variance,ADA-USD,crypto,,0.0,2.9570609847009315e-17,2.9570609847009315e-17,0.03318234886395297,2023-12-01,13
2023-12-01,2023-12-04,combined_min_variance,ETH-USD,crypto,,0.0,1.1837694822469834e-17,1.1837694822469834e-17,0.03318234886395297,2023-12-01,14
2023-12-01,2023-12-04,combined_min_variance,ADBE,equity,Tech,0.0,1.0784109236342248e-17,1.0784109236342248e-17,0.03318234886395297,2023-12-01,15
2023-12-01,2023-12-04,combined_min_variance,SLB,equity,Energy,2.963241570170369e-18,9.84286544948741e-18,6.879623879317041e-18,0.03318234886395297,2023-12-01,16
2023-12-01,2023-12-04,combined_min_variance,BA,equity,Industrials,1.2721171523041383e-17,9.6603729372409e-18,-3.0607985858004824e-18,0.03318234886395297,2023-12-01,17
2023-12-01,2023-12-04,combined_min_variance,AMT,equity,RealEstate,1.9200415927520496e-18,7.000967268181114e-18,5.080925675429065e-18,0.03318234886395297,2023-12-01,18
2023-12-01,2023-12-04,combined_min_variance,EOS-USD,crypto,,1.1270987218703236e-17,6.712426966664621e-18,-4.558560252038616e-18,0.03318234886395297,2023-12-01,19
2023-12-01,2023-12-04,combined_min_variance,ETC-USD,crypto,,1.0847261882382707e-17,6.079174878943388e-18,-4.768087003439319e-18,0.03318234886395297,2023-12-01,20
2023-12-01,2023-12-04,combined_min_variance,D,equity,Utilities,1.1923567079987553e-18,5.60562371579589e-18,4.413267007797135e-18,0.03318234886395297,2023-12-01,21
2023-12-01,2023-12-04,combined_min_variance,DIS,equity,Consumer,0.0,4.807238825285561e-18,4.807238825285561e-18,0.03318234886395297,2023-12-01,22
2023-12-01,2023-12-04,combined_min_variance,AEP,equity,Utilities,0.0,4.438818205388181e-18,4.438818205388181e-18,0.03318234886395297,2023-12-01,23
2023-12-01,2023-12-04,combined_min_variance,CAT,equity,Industrials,0.0,3.7509078587053435e-18,3.7509078587053435e-18,0.03318234886395297,2023-12-01,24
2023-12-01,2023-12-04,combined_min_variance,CVX,equity,Energy,2.3695382356758076e-18,3.2910502397739227e-18,9.21512004098115e-19,0.03318234886395297,2023-12-01,25
2023-12-01,2023-12-04,combined_min_variance,SHW,equity,Materials,0.0,2.8146980215197064e-18,2.8146980215197064e-18,0.03318234886395297,2023-12-01,26
2023-12-01,2023-12-04,combined_min_variance,NVDA,equity,Tech,0.0,2.6634873523319262e-18,2.6634873523319262e-18,0.03318234886395297,2023-12-01,27
2023-12-01,2023-12-04,combined_min_variance,GE,equity,Industrials,0.0,2.2271581809219654e-18,2.2271581809219654e-18,0.03318234886395297,2023-12-01,28
2023-12-01,2023-12-04,combined_min_variance,QCOM,equity,Tech,0.0,2.0243754744081295e-18,2.0243754744081295e-18,0.03318234886395297,2023-12-01,29
2023-12-01,2023-12-04,combined_min_variance,SO,equity,Utilities,0.0,2.0060013900796303e-18,2.0060013900796303e-18,0.03318234886395297,2023-12-01,30
2023-12-01,2023-12-04,combined_min_variance,AMD,equity,Tech,1.430624318874451e-17,1.6865827358575312e-18,-1.2619660452886978e-17,0.03318234886395297,2023-12-01,31
2023-12-01,2023-12-04,combined_min_variance,USB,equity,Financials,1.5196073140514263e-17,1.3232837100438454e-18,-1.3872789430470418e-17,0.03318234886395297,2023-12-01,32
2023-12-01,2023-12-04,combined_min_variance,NUE,equity,Materials,0.0,7.398427919876931e-19,7.398427919876931e-19,0.03318234886395297,2023-12-01,33
2023-12-01,2023-12-04,combined_min_variance,COP,equity,Energy,0.0,2.6122424748668055e-19,2.6122424748668055e-19,0.03318234886395297,2023-12-01,34
2023-12-01,2023-12-04,combined_min_variance,OXY,equity,Energy,1.2187502584269312e-17,5.7702573938621864e-21,-1.218173232687545e-17,0.03318234886395297,2023-12-01,35
2023-12-01,2023-12-04,combined_min_variance,ABT,equity,Healthcare,0.0,0.0,0.0,0.03318234886395297,2023-12-01,36
2023-12-01,2023-12-04,combined_min_variance,AMGN,equity,Healthcare,8.556119553394698e-18,0.0,-8.556119553394698e-18,0.03318234886395297,2023-12-01,37
2023-12-01,2023-12-04,combined_min_variance,BCH-USD,crypto,,0.0,0.0,0.0,0.03318234886395297,2023-12-01,38
2023-12-01,2023-12-04,combined_min_variance,BTC-USD,crypto,,0.0,0.0,0.0,0.03318234886395297,2023-12-01,39
2023-12-01,2023-12-04,combined_min_variance,CCI,equity,RealEstate,0.0,0.0,0.0,0.03318234886395297,2023-12-01,40
2023-12-01,2023-12-04,combined_min_variance,CMCSA,equity,Comm,4.3014844168207032e-19,0.0,-4.3014844168207032e-19,0.03318234886395297,2023-12-01,41
2023-12-01,2023-12-04,combined_min_variance,DD,equity,Materials,0.0,0.0,0.0,0.03318234886395297,2023-12-01,42
2023-12-01,2023-12-04,combined_min_variance,DOW,equity,Materials,5.059392245385681e-18,0.0,-5.059392245385681e-18,0.03318234886395297,2023-12-01,43
2023-12-01,2023-12-04,combined_min_variance,DUK,equity,Utilities,1.0833318760772375e-17,0.0,-1.0833318760772375e-17,0.03318234886395297,2023-12-01,44
2023-12-01,2023-12-04,combined_min_variance,GS,equity,Financials,1.2617782409388786e-18,0.0,-1.2617782409388786e-18,0.03318234886395297,2023-12-01,45
2023-12-01,2023-12-04,combined_min_variance,INTC,equity,Tech,1.2760290408043868e-18,0.0,-1.2760290408043868e-18,0.03318234886395297,2023-12-01,46
2023-12-01,2023-12-04,combined_min_variance,LTC-USD,crypto,,6.6209802020653575e-18,0.0,-6.6209802020653575e-18,0.03318234886395297,2023-12-01,47
2023-12-01,2023-12-04,combined_min_variance,MS,equity,Financials,3.679657301273392e-18,0.0,-3.679657301273392e-18,0.03318234886395297,2023-12-01,48
2023-12-01,2023-12-04,combined_min_variance,NEE,equity,Utilities,0.0,0.0,0.0,0.03318234886395297,2023-12-01,49
2023-12-01,2023-12-04,combined_min_variance,NKE,equity,Consumer,0.0,0.0,0.0,0.03318234886395297,2023-12-01,50
2023-12-01,2023-12-04,combined_min_variance,O,equity,RealEstate,0.0,0.0,0.0,0.03318234886395297,2023-12-01,51
2023-12-01,2023-12-04,combined_min_variance,PLD,equity,RealEstate,0.0,0.0,0.0,0.03318234886395297,2023-12-01,52
2023-12-01,2023-12-04,combined_min_variance,SBUX,equity,Consumer,7.502002811502208e-18,0.0,-7.502002811502208e-18,0.03318234886395297,2023-12-01,53
2023-12-01,2023-12-04,combined_min_variance,TMUS,equity,Comm,0.0,0.0,0.0,0.03318234886395297,2023-12-01,54
2023-12-01,2023-12-04,combined_min_variance,TRX-USD,crypto,,1.3948146929277988e-18,0.0,-1.3948146929277988e-18,0.03318234886395297,2023-12-01,55
2023-12-01,2023-12-04,combined_min_variance,V,equity,Financials,0.0,0.0,0.0,0.03318234886395297,2023-12-01,56
2023-12-01,2023-12-04,combined_min_variance,WFC,equity,Financials,1.0792221965929374e-17,0.0,-1.0792221965929374e-17,0.03318234886395297,2023-12-01,57
2023-12-01,2023-12-04,combined_min_variance,XLM-USD,crypto,,9.843822974025144e-18,0.0,-9.843822974025144e-18,0.03318234886395297,2023-12-01,58
2023-12-01,2023-12-04,combined_min_variance,XOM,equity,Energy,0.0,0.0,0.0,0.03318234886395297,2023-12-01,59
2023-12-01,2023-12-04,combined_min_variance,XRP-USD,crypto,,1.0202561931650963e-17,0.0,-1.0202561931650963e-17,0.03318234886395297,2023-12-01,60
2023-12-01,2023-12-04,combined_risk_parity,WMT,equity,Consumer,0.02799642891279954,0.032489035508073694,0.004492606595274153,0.031835160513437585,2023-12-01,1
2023-12-01,2023-12-04,combined_risk_parity,GILD,equity,Healthcare,0.02807586097089856,0.031225182172282522,0.0031493212013839617,0.031835160513437585,2023-12-01,2
2023-12-01,2023-12-04,combined_risk_parity,MRK,equity,Healthcare,0.027581793112249554,0.02986031384666259,0.0022785207344130365,0.031835160513437585,2023-12-01,3
2023-12-01,2023-12-04,combined_risk_parity,NEM,equity,Materials,0.029997810262779798,0.028682581315764843,-0.0013152289470149542,0.031835160513437585,2023-12-01,4
2023-12-01,2023-12-04,combined_risk_parity,ABBV,equity,Healthcare,0.025696906146179394,0.027769185079749886,0.002072278933570492,0.031835160513437585,2023-12-01,5
2023-12-01,2023-12-04,combined_risk_parity,EA,equity,Comm,0.028394857242612138,0.027501637508639508,-0.0008932197339726299,0.031835160513437585,2023-12-01,6
2023-12-01,2023-12-04,combined_risk_parity,AMGN,equity,Healthcare,0.024352233959180705,0.024924936016545673,0.0005727020573649683,0.031835160513437585,2023-12-01,7
2023-12-01,2023-12-04,combined_risk_parity,KO,equity,Consumer,0.022876632884236938,0.02375970345876989,0.0008830705745329522,0.031835160513437585,2023-12-01,8
2023-12-01,2023-12-04,combined_risk_parity,AEP,equity,Utilities,0.023209949039275226,0.02351218866408107,0.00030223962480584524,0.031835160513437585,2023-12-01,9
2023-12-01,2023-12-04,combined_risk_parity,PSA,equity,RealEstate,0.02344895411792186,0.022996057510720008,-0.00045289660720185254,0.031835160513437585,2023-12-01,10
2023-12-01,2023-12-04,combined_risk_parity,TTWO,equity,Comm,0.024935060112176142,0.02289176294220881,-0.0020432971699673314,0.031835160513437585,2023-12-01,11
2023-12-01,2023-12-04,combined_risk_parity,T,equity,Comm,0.021784028619175465,0.021980682731847074,0.00019665411267160912,0.031835160513437585,2023-12-01,12
2023-12-01,2023-12-04,combined_risk_parity,DUK,equity,Utilities,0.020229922095942342,0.02096421870062591,0.0007342966046835694,0.031835160513437585,2023-12-01,13
2023-12-01,2023-12-04,combined_risk_parity,ABT,equity,Healthcare,0.021276180330609594,0.020925035537046787,-0.0003511447935628069,0.031835160513437585,2023-12-01,14
2023-12-01,2023-12-04,combined_risk_parity,D,equity,Utilities,0.022527662420180613,0.020564213308499543,-0.0019634491116810697,0.031835160513437585,2023-12-01,15
2023-12-01,2023-12-04,combined_risk_parity,TMUS,equity,Comm,0.019820531505530977,0.02042963914692614,0.0006091076413951638,0.031835160513437585,2023-12-01,16
2023-12-01,2023-12-04,combined_risk_parity,UPS,equity,Industrials,0.02100602208300838,0.020214394890612213,-0.000791627192396168,0.031835160513437585,2023-12-01,17
2023-12-01,2023-12-04,combined_risk_parity,MMM,equity,Industrials,0.020650607486648976,0.019899639255711796,-0.0007509682309371803,0.031835160513437585,2023-12-01,18
2023-12-01,2023-12-04,combined_risk_parity,SO,equity,Utilities,0.018877702566628494,0.019370492004993696,0.0004927894383652022,0.031835160513437585,2023-12-01,19
2023-12-01,2023-12-04,combined_risk_parity,CMCSA,equity,Comm,0.017237768364545398,0.018461404583739342,0.0012236362191939444,0.031835160513437585,2023-12-01,20
2023-12-01,2023-12-04,combined_risk_parity,CCI,equity,RealEstate,0.021914818501177824,0.018324975371180333,-0.0035898431299974908,0.031835160513437585,2023-12-01,21
2023-12-01,2023-12-04,combined_risk_parity,NEE,equity,Utilities,0.01728876839723219,0.018254538092694682,0.0009657696954624914,0.031835160513437585,2023-12-01,22
2023-12-01,2023-12-04,combined_risk_parity,SHW,equity,Materials,0.019872539942504777,0.018093118479287202,-0.0017794214632175752,0.031835160513437585,2023-12-01,23
2023-12-01,2023-12-04,combined_risk_parity,AMT,equity,RealEstate,0.018968222529896026,0.017285660616596667,-0.0016825619132993588,0.031835160513437585,2023-12-01,24
2023-12-01,2023-12-04,combined_risk_parity,O,equity,RealEstate,0.017980807348530175,0.016964684821515603,-0.0010161225270145721,0.031835160513437585,2023-12-01,25
2023-12-01,2023-12-04,combined_risk_parity,V,equity,Financials,0.016210765019742786,0.016335247606560258,0.00012448258681747176,0.031835160513437585,2023-12-01,26
2023-12-01,2023-12-04,combined_risk_parity,CAT,equity,Industrials,0.0167513314263849,0.016333352794794597,-0.00041797863159030377,0.031835160513437585,2023-12-01,27
2023-12-01,2023-12-04,combined_risk_parity,XOM,equity,Energy,0.014762372277021147,0.016288186323186005,0.0015258140461648587,0.031835160513437585,2023-12-01,28
2023-12-01,2023-12-04,combined_risk_parity,NKE,equity,Consumer,0.016790755162798987,0.0160635148500094,-0.0007272403127895864,0.031835160513437585,2023-12-01,29
2023-12-01,2023-12-04,combined_risk_parity,SBUX,equity,Consumer,0.015730956816574347,0.01550244614006238,-0.00022851067651196745,0.031835160513437585,2023-12-01,30
2023-12-01,2023-12-04,combined_risk_parity,PLD,equity,RealEstate,0.016749707678251288,0.01547479568902531,-0.0012749119892259773,0.031835160513437585,2023-12-01,31
2023-12-01,2023-12-04,combined_risk_parity,DIS,equity,Consumer,0.0161500107134439,0.015368684438402586,-0.000781326275041315,0.031835160513437585,2023-12-01,32
2023-12-01,2023-12-04,combined_risk_parity,ADBE,equity,Tech,0.015550471065227642,0.014983053117157613,-0.0005674179480700293,0.031835160513437585,2023-12-01,33
2023-12-01,2023-12-04,combined_risk_parity,CVX,equity,Energy,0.0135979482851769,0.014510104298161611,0.0009121560129847113,0.031835160513437585,2023-12-01,34
2023-12-01,2023-12-04,combined_risk_parity,DD,equity,Materials,0.014366867943756623,0.014292912547175676,-7.395539658094745e-05,0.031835160513437585,2023-12-01,35
2023-12-01,2023-12-04,combined_risk_parity,INTC,equity,Tech,0.015458681942432419,0.014239432831207445,-0.001219249111224974,0.031835160513437585,2023-12-01,36
2023-12-01,2023-12-04,combined_risk_parity,GS,equity,Financials,0.015013436192892377,0.014173380734117015,-0.0008400554587753625,0.031835160513437585,2023-12-01,37
2023-12-01,2023-12-04,combined_risk_parity,GE,equity,Industrials,0.014631458625749967,0.01392372148162352,-0.0007077371441264468,0.031835160513437585,2023-12-01,38
2023-12-01,2023-12-04,combined_risk_parity,QCOM,equity,Tech,0.014893945076057576,0.013648925886981004,-0.001245019189076572,0.031835160513437585,2023-12-01,39
2023-12-01,2023-12-04,combined_risk_parity,USB,equity,Financials,0.015545567664974964,0.013471758361609729,-0.002073809303365235,0.031835160513437585,2023-12-01,40
2023-12-01,2023-12-04,combined_risk_parity,NUE,equity,Materials,0.014257533761850518,0.01342744972392705,-0.0008300840379234682,0.031835160513437585,2023-12-01,41
2023-12-01,2023-12-04,combined_risk_parity,DOW,equity,Materials,0.013558301769969553,0.013342242288593804,-0.00021605948137574937,0.031835160513437585,2023-12-01,42
2023-12-01,2023-12-04,combined_risk_parity,WFC,equity,Financials,0.013807680875001439,0.013005706547506367,-0.0008019743274950714,0.031835160513437585,2023-12-01,43
2023-12-01,2023-12-04,combined_risk_parity,COP,equity,Energy,0.011659836385695356,0.012740703599004106,0.0010808672133087501,0.031835160513437585,2023-12-01,44
2023-12-01,2023-12-04,combined_risk_parity,MS,equity,Financials,0.01343871042799965,0.01270963328131284,-0.0007290771466868084,0.031835160513437585,2023-12-01,45
2023-12-01,2023-12-04,combined_risk_parity,AMD,equity,Tech,0.012785280604470877,0.012342540755914538,-0.00044273984855633906,0.031835160513437585,2023-12-01,46
2023-12-01,2023-12-04,combined_risk_parity,SLB,equity,Energy,0.010541253758346794,0.012200934431232512,0.0016596806728857178,0.031835160513437585,2023-12-01,47
2023-12-01,2023-12-04,combined_risk_parity,NVDA,equity,Tech,0.011482480059385304,0.011291548595574557,-0.00019093146381074684,0.031835160513437585,2023-12-01,48
2023-12-01,2023-12-04,combined_risk_parity,BTC-USD,crypto,,0.010946634006106078,0.011038156031651892,9.152202554581386e-05,0.031835160513437585,2023-12-01,49
2023-12-01,2023-12-04,combined_risk_parity,BA,equity,Industrials,0.012220066180573329,0.010737467648244127,-0.0014825985323292015,0.031835160513437585,2023-12-01,50
2023-12-01,2023-12-04,combined_risk_parity,OXY,equity,Energy,0.009263873592491626,0.010503955909702442,0.0012400823172108166,0.031835160513437585,2023-12-01,51
2023-12-01,2023-12-04,combined_risk_parity,TRX-USD,crypto,,0.00885154009007702,0.009983866986160463,0.001132326896083443,0.031835160513437585,2023-12-01,52
2023-12-01,2023-12-04,combined_risk_parity,ETH-USD,crypto,,0.008490205060496428,0.00847376933553057,-1.6435724965858586e-05,0.031835160513437585,2023-12-01,53
2023-12-01,2023-12-04,combined_risk_parity,XRP-USD,crypto,,0.007004041024007256,0.008413013097305208,0.0014089720732979516,0.031835160513437585,2023-12-01,54
2023-12-01,2023-12-04,combined_risk_parity,LTC-USD,crypto,,0.007456383911949553,0.008407944353731446,0.0009515604417818929,0.031835160513437585,2023-12-01,55
2023-12-01,2023-12-04,combined_risk_parity,BCH-USD,crypto,,0.0068695170724096845,0.008134944237190064,0.0012654271647803798,0.031835160513437585,2023-12-01,56
2023-12-01,2023-12-04,combined_risk_parity,EOS-USD,crypto,,0.006971491023265712,0.007964260411901907,0.0009927693886361954,0.031835160513437585,2023-12-01,57
2023-12-01,2023-12-04,combined_risk_parity,XLM-USD,crypto,,0.006725962990785102,0.007964074993641329,0.001238112002856227,0.031835160513437585,2023-12-01,58
2023-12-01,2023-12-04,combined_risk_parity,ADA-USD,crypto,,0.008088035334240223,0.0077497676405875035,-0.0003382676936527192,0.031835160513437585,2023-12-01,59
2023-12-01,2023-12-04,combined_risk_parity,ETC-USD,crypto,,0.007374827228471791,0.0076132214664376766,0.00023839423796588512,0.031835160513437585,2023-12-01,60
2023-12-01,2023-12-02,crypto_equal_weight,ADA-USD,crypto,,0.11848021036365877,0.1,-0.018480210363658767,0.03030514154143163,2023-12-01,1
2023-12-01,2023-12-02,crypto_equal_weight,BCH-USD,crypto,,0.0871331630083787,0.1,0.012866836991621305,0.03030514154143163,2023-12-01,2
2023-12-01,2023-12-02,crypto_equal_weight,BTC-USD,crypto,,0.10351374834019203,0.1,-0.0035137483401920244,0.03030514154143163,2023-12-01,3
2023-12-01,2023-12-02,crypto_equal_weight,EOS-USD,crypto,,0.09990011347034308,0.1,9.98865296569229e-05,0.03030514154143163,2023-12-01,4
2023-12-01,2023-12-02,crypto_equal_weight,ETC-USD,crypto,,0.10117480369579368,0.1,-0.0011748036957936747,0.03030514154143163,2023-12-01,5
2023-12-01,2023-12-02,crypto_equal_weight,ETH-USD,crypto,,0.1071363791417872,0.1,-0.007136379141787191,0.03030514154143163,2023-12-01,6
2023-12-01,2023-12-02,crypto_equal_weight,LTC-USD,crypto,,0.09699688393661147,0.1,0.0030031160633885307,0.03030514154143163,2023-12-01,7
2023-12-01,2023-12-02,crypto_equal_weight,TRX-USD,crypto,,0.09757665365496847,0.1,0.002423346345031538,0.03030514154143163,2023-12-01,8
2023-12-01,2023-12-02,crypto_equal_weight,XLM-USD,crypto,,0.09274855237059115,0.1,0.007251447629408853,0.03030514154143163,2023-12-01,9
2023-12-01,2023-12-02,crypto_equal_weight,XRP-USD,crypto,,0.09533949201767555,0.1,0.004660507982324452,0.03030514154143163,2023-12-01,10
2023-12-01,2023-12-02,crypto_max_sharpe,ETH-USD,crypto,,0.5936329628958594,0.583876527717345,-0.009756435178514433,0.02401130245032492,2023-12-01,1
2023-12-01,2023-12-02,crypto_max_sharpe,ADA-USD,crypto,,0.2003384707055064,0.2243497731558309,0.024011302450324512,0.02401130245032492,2023-12-01,2
2023-12-01,2023-12-02,crypto_max_sharpe,TRX-USD,crypto,,0.20602856639863387,0.19177369912682363,-0.014254867271810245,0.02401130245032492,2023-12-01,3
2023-12-01,2023-12-02,crypto_max_sharpe,EOS-USD,crypto,,2.0011445844926024e-16,5.680643438942788e-16,3.679498854450186e-16,0.02401130245032492,2023-12-01,4
2023-12-01,2023-12-02,crypto_max_sharpe,BCH-USD,crypto,,0.0,6.406026151277123e-17,6.406026151277123e-17,0.02401130245032492,2023-12-01,5
2023-12-01,2023-12-02,crypto_max_sharpe,BTC-USD,crypto,,0.0,0.0,0.0,0.02401130245032492,2023-12-01,6
2023-12-01,2023-12-02,crypto_max_sharpe,ETC-USD,crypto,,0.0,0.0,0.0,0.02401130245032492,2023-12-01,7
2023-12-01,2023-12-02,crypto_max_sharpe,LTC-USD,crypto,,0.0,0.0,0.0,0.02401130245032492,2023-12-01,8
2023-12-01,2023-12-02,crypto_max_sharpe,XLM-USD,crypto,,0.0,0.0,0.0,0.02401130245032492,2023-12-01,9
2023-12-01,2023-12-02,crypto_max_sharpe,XRP-USD,crypto,,2.2311063118076303e-16,0.0,-2.2311063118076303e-16,0.02401130245032492,2023-12-01,10
2023-12-01,2023-12-02,crypto_min_variance,BTC-USD,crypto,,0.8802839550030144,0.8726336133938949,-0.007650341609119482,0.007650341609119675,2023-12-01,1
2023-12-01,2023-12-02,crypto_min_variance,TRX-USD,crypto,,0.1197160449969854,0.12736638660610497,0.007650341609119565,0.007650341609119675,2023-12-01,2
2023-12-01,2023-12-02,crypto_min_variance,XRP-USD,crypto,,0.0,5.1596944391659e-17,5.1596944391659e-17,0.007650341609119675,2023-12-01,3
2023-12-01,2023-12-02,crypto_min_variance,EOS-USD,crypto,,0.0,3.125962069741799e-17,3.125962069741799e-17,0.007650341609119675,2023-12-01,4
2023-12-01,2023-12-02,crypto_min_variance,XLM-USD,crypto,,0.0,2.4292249472379225e-17,2.4292249472379225e-17,0.007650341609119675,2023-12-01,5
2023-12-01,2023-12-02,crypto_min_variance,ETH-USD,crypto,,0.0,1.6898732624395986e-17,1.6898732624395986e-17,0.007650341609119675,2023-12-01,6
2023-12-01,2023-12-02,crypto_min_variance,ETC-USD,crypto,,0.0,1.1478453774154897e-18,1.1478453774154897e-18,0.007650341609119675,2023-12-01,7
2023-12-01,2023-12-02,crypto_min_variance,ADA-USD,crypto,,1.2993638319482164e-16,0.0,-1.2993638319482164e-16,0.007650341609119675,2023-12-01,8
2023-12-01,2023-12-02,crypto_min_variance,BCH-USD,crypto,,4.6449620913560354e-17,0.0,-4.6449620913560354e-17,0.007650341609119675,2023-12-01,9
2023-12-01,2023-12-02,crypto_min_variance,LTC-USD,crypto,,0.0,0.0,0.0,0.007650341609119675,2023-12-01,10
2023-12-01,2023-12-02,crypto_risk_parity,BTC-USD,crypto,,0.14796235322534537,0.14316889654997905,-0.00479345667536632,0.030231901260989652,2023-12-01,1
2023-12-01,2023-12-02,crypto_risk_parity,TRX-USD,crypto,,0.10943226130224726,0.1124785411463475,0.003046279844100247,0.030231901260989652,2023-12-01,2
2023-12-01,2023-12-02,crypto_risk_parity,ETH-USD,crypto,,0.11232031160456697,0.10509863166548605,-0.007221679939080919,0.030231901260989652,2023-12-01,3
2023-12-01,2023-12-02,crypto_risk_parity,LTC-USD,crypto,,0.09391091083194278,0.09716938405684904,0.003258473224906258,0.030231901260989652,2023-12-01,4
2023-12-01,2023-12-02,crypto_risk_parity,ADA-USD,crypto,,0.11316200188998209,0.09573069539854467,-0.017431306491437412,0.030231901260989652,2023-12-01,5
2023-12-01,2023-12-02,crypto_risk_parity,XLM-USD,crypto,,0.08466877087086644,0.09165213260722274,0.006983361736356303,0.030231901260989652,2023-12-01,6
2023-12-01,2023-12-02,crypto_risk_parity,XRP-USD,crypto,,0.08665097063527127,0.09112483650009974,0.004473865864828466,0.030231901260989652,2023-12-01,7
2023-12-01,2023-12-02,crypto_risk_parity,BCH-USD,crypto,,0.07876619280576216,0.0908842120615537,0.012118019255791534,0.030231901260989652,2023-12-01,8
2023-12-01,2023-12-02,crypto_risk_parity,EOS-USD,crypto,,0.08623428806083759,0.08658618939584446,0.00035190133500687115,0.030231901260989652,2023-12-01,9
2023-12-01,2023-12-02,crypto_risk_parity,ETC-USD,crypto,,0.08689193877317797,0.086106480618073,-0.0007854581551049733,0.030231901260989652,2023-12-01,10
2023-12-01,2023-12-04,equity_equal_weight,ABBV,equity,Healthcare,0.01835064737246718,0.02,0.0016493526275328206,0.028237293694092388,2023-12-01,1
2023-12-01,2023-12-04,equity_equal_weight,ABT,equity,Healthcare,0.020124203608471263,0.02,-0.00012420360847126277,0.028237293694092388,2023-12-01,2
2023-12-01,2023-12-04,equity_equal_weight,ADBE,equity,Tech,0.02050606199173375,0.02,-0.0005060619917337493,0.028237293694092388,2023-12-01,3
2023-12-01,2023-12-04,equity_equal_weight,AEP,equity,Utilities,0.019409545158817054,0.02,0.0005904548411829469,0.028237293694092388,2023-12-01,4
2023-12-01,2023-12-04,equity_equal_weight,AMD,equity,Tech,0.02048300541959375,0.02,-0.00048300541959375026,0.028237293694092388,2023-12-01,5
2023-12-01,2023-12-04,equity_equal_weight,AMGN,equity,Healthcare,0.019191522260837965,0.02,0.0008084777391620356,0.028237293694092388,2023-12-01,6
2023-12-01,2023-12-04,equity_equal_weight,AMT,equity,RealEstate,0.021509943275818497,0.02,-0.0015099432758184962,0.028237293694092388,2023-12-01,7
2023-12-01,2023-12-04,equity_equal_weight,BA,equity,Industrials,0.022513122425876893,0.02,-0.0025131224258768924,0.028237293694092388,2023-12-01,8
2023-12-01,2023-12-04,equity_equal_weight,CAT,equity,Industrials,0.020190778700533343,0.02,-0.00019077870053334223,0.028237293694092388,2023-12-01,9
2023-12-01,2023-12-04,equity_equal_weight,CCI,equity,RealEstate,0.023386069047136266,0.02,-0.0033860690471362656,0.028237293694092388,2023-12-01,10
2023-12-01,2023-12-04,equity_equal_weight,CMCSA,equity,Comm,0.01840037630646732,0.02,0.0015996236935326806,0.028237293694092388,2023-12-01,11
2023-12-01,2023-12-04,equity_equal_weight,COP,equity,Energy,0.018096145776248133,0.02,0.0019038542237518677,0.028237293694092388,2023-12-01,12
2023-12-01,2023-12-04,equity_equal_weight,CVX,equity,Energy,0.018527664033044258,0.02,0.0014723359669557429,0.028237293694092388,2023-12-01,13
2023-12-01,2023-12-04,equity_equal_weight,D,equity,Utilities,0.021460709560847467,0.02,-0.0014607095608474667,0.028237293694092388,2023-12-01,14
2023-12-01,2023-12-04,equity_equal_weight,DD,equity,Materials,0.019826069278145095,0.02,0.00017393072185490493,0.028237293694092388,2023-12-01,15
2023-12-01,2023-12-04,equity_equal_weight,DIS,equity,Consumer,0.02081863693640227,0.02,-0.0008186369364022693,0.028237293694092388,2023-12-01,16
2023-12-01,2023-12-04,equity_equal_weight,DOW,equity,Materials,0.020048480451733006,0.02,-4.848045173300522e-05,0.028237293694092388,2023-12-01,17
2023-12-01,2023-12-04,equity_equal_weight,DUK,equity,Utilities,0.01907976477731093,0.02,0.0009202352226890705,0.028237293694092388,2023-12-01,18
2023-12-01,2023-12-04,equity_equal_weight,EA,equity,Comm,0.020317494968034255,0.02,-0.00031749496803425495,0.028237293694092388,2023-12-01,19
2023-12-01,2023-12-04,equity_equal_weight,GE,equity,Industrials,0.020822559211887165,0.02,-0.0008225592118871645,0.028237293694092388,2023-12-01,20
2023-12-01,2023-12-04,equity_equal_weight,GILD,equity,Healthcare,0.01765292081864819,0.02,0.0023470791813518105,0.028237293694092388,2023-12-01,21
2023-12-01,2023-12-04,equity_equal_weight,GS,equity,Financials,0.020849600397808338,0.02,-0.0008496003978083373,0.028237293694092388,2023-12-01,22
2023-12-01,2023-12-04,equity_equal_weight,INTC,equity,Tech,0.02145395978758063,0.02,-0.0014539597875806304,0.028237293694092388,2023-12-01,23
2023-12-01,2023-12-04,equity_equal_weight,KO,equity,Consumer,0.01909179205492477,0.02,0.000908207945075231,0.028237293694092388,2023-12-01,24
2023-12-01,2023-12-04,equity_equal_weight,MMM,equity,Industrials,0.020416821890765952,0.02,-0.00041682189076595183,0.028237293694092388,2023-12-01,25
2023-12-01,2023-12-04,equity_equal_weight,MRK,equity,Healthcare,0.01833849119104481,0.02,0.00166150880895519,0.028237293694092388,2023-12-01,26
2023-12-01,2023-12-04,equity_equal_weight,MS,equity,Financials,0.02078441391046427,0.02,-0.0007844139104642711,0.028237293694092388,2023-12-01,27
2023-12-01,2023-12-04,equity_equal_weight,NEE,equity,Utilities,0.018611475178515986,0.02,0.0013885248214840148,0.028237293694092388,2023-12-01,28
2023-12-01,2023-12-04,equity_equal_weight,NEM,equity,Materials,0.020353373239484232,0.02,-0.00035337323948423163,0.028237293694092388,2023-12-01,29
2023-12-01,2023-12-04,equity_equal_weight,NKE,equity,Consumer,0.020576394403897795,0.02,-0.0005763944038977946,0.028237293694092388,2023-12-01,30
2023-12-01,2023-12-04,equity_equal_weight,NUE,equity,Materials,0.020992203426618894,0.02,-0.0009922034266188935,0.028237293694092388,2023-12-01,31
2023-12-01,2023-12-04,equity_equal_weight,NVDA,equity,Tech,0.020142774134761402,0.02,-0.00014277413476140172,0.028237293694092388,2023-12-01,32
2023-12-01,2023-12-04,equity_equal_weight,O,equity,RealEstate,0.020840767800240464,0.02,-0.0008407678002404634,0.028237293694092388,2023-12-01,33
2023-12-01,2023-12-04,equity_equal_weight,OXY,equity,Energy,0.017478688569508165,0.02,0.002521311430491835,0.028237293694092388,2023-12-01,34
2023-12-01,2023-12-04,equity_equal_weight,PLD,equity,RealEstate,0.021219714680570698,0.02,-0.0012197146805706972,0.028237293694092388,2023-12-01,35
2023-12-01,2023-12-04,equity_equal_weight,PSA,equity,RealEstate,0.019989601392573216,0.02,1.0398607426784223e-05,0.028237293694092388,2023-12-01,36
2023-12-01,2023-12-04,equity_equal_weight,QCOM,equity,Tech,0.02145337976773434,0.02,-0.001453379767734339,0.028237293694092388,2023-12-01,37
2023-12-01,2023-12-04,equity_equal_weight,SBUX,equity,Consumer,0.019905745424805353,0.02,9.425457519464733e-05,0.028237293694092388,2023-12-01,38
2023-12-01,2023-12-04,equity_equal_weight,SHW,equity,Materials,0.02159292677090679,0.02,-0.0015929267709067912,0.028237293694092388,2023-12-01,39
2023-12-01,2023-12-04,equity_equal_weight,SLB,equity,Energy,0.01709790103369686,0.02,0.0029020989663031405,0.028237293694092388,2023-12-01,40
2023-12-01,2023-12-04,equity_equal_weight,SO,equity,Utilities,0.01924528320888459,0.02,0.0007547167911154118,0.028237293694092388,2023-12-01,41
2023-12-01,2023-12-04,equity_equal_weight,T,equity,Comm,0.019611098487114693,0.02,0.00038890151288530767,0.028237293694092388,2023-12-01,42
2023-12-01,2023-12-04,equity_equal_weight,TMUS,equity,Comm,0.019218815912336262,0.02,0.0007811840876637381,0.028237293694092388,2023-12-01,43
2023-12-01,2023-12-04,equity_equal_weight,TTWO,equity,Comm,0.021504227664604903,0.02,-0.0015042276646049027,0.028237293694092388,2023-12-01,44
2023-12-01,2023-12-04,equity_equal_weight,UPS,equity,Industrials,0.020437328408548377,0.02,-0.0004373284085483764,0.028237293694092388,2023-12-01,45
2023-12-01,2023-12-04,equity_equal_weight,USB,equity,Financials,0.02253332330246305,0.02,-0.002533323302463048,0.028237293694092388,2023-12-01,46
2023-12-01,2023-12-04,equity_equal_weight,V,equity,Financials,0.01963756507757291,0.02,0.00036243492242709133,0.028237293694092388,2023-12-01,47
2023-12-01,2023-12-04,equity_equal_weight,WFC,equity,Financials,0.02090501850957434,0.02,-0.0009050185095743381,0.028237293694092388,2023-12-01,48
2023-12-01,2023-12-04,equity_equal_weight,WMT,equity,Consumer,0.017066018150994587,0.02,0.0029339818490054133,0.028237293694092388,2023-12-01,49
2023-12-01,2023-12-04,equity_equal_weight,XOM,equity,Energy,0.0179355748419493,0.02,0.002064425158050699,0.028237293694092388,2023-12-01,50
2023-12-01,2023-12-04,equity_max_sharpe,NVDA,equity,Tech,0.3964544175845223,0.3940275138568558,-0.0024269037276665184,0.08185982712936325,2023-12-01,1
2023-12-01,2023-12-04,equity_max_sharpe,ABBV,equity,Healthcare,0.3284504651230877,0.3486983389578241,0.02024787383473642,0.08185982712936325,2023-12-01,2
2023-12-01,2023-12-04,equity_max_sharpe,NUE,equity,Materials,0.19363969936741438,0.23565927961812644,0.04201958025071206,0.08185982712936325,2023-12-01,3
2023-12-01,2023-12-04,equity_max_sharpe,TMUS,equity,Comm,0.0,0.019592373043911843,0.019592373043911843,0.08185982712936325,2023-12-01,4
2023-12-01,2023-12-04,equity_max_sharpe,GILD,equity,Healthcare,0.041402410884932975,0.0020224945232764045,-0.03937991636165657,0.08185982712936325,2023-12-01,5
2023-12-01,2023-12-04,equity_max_sharpe,OXY,equity,Energy,0.004669397586340319,7.079869445821149e-16,-0.004669397586339611,0.08185982712936325,2023-12-01,6
2023-12-01,2023-12-04,equity_max_sharpe,CAT,equity,Industrials,7.143200001284421e-17,5.189874652964621e-16,4.475554652836178e-16,0.08185982712936325,2023-12-01,7
2023-12-01,2023-12-04,equity_max_sharpe,INTC,equity,Tech,2.5555411302917676e-15,4.932922134081477e-16,-2.06224891688362e-15,0.08185982712936325,2023-12-01,8
2023-12-01,2023-12-04,equity_max_sharpe,XOM,equity,Energy,0.02270688843865679,4.4373421088314733e-16,-0.022706888438656345,0.08185982712936325,2023-12-01,9
2023-12-01,2023-12-04,equity_max_sharpe,AMD,equity,Tech,0.0,3.354995322881689e-16,3.354995322881689e-16,0.08185982712936325,2023-12-01,10
2023-12-01,2023-12-04,equity_max_sharpe,O,equity,RealEstate,0.0,3.1093378491804935e-16,3.1093378491804935e-16,0.08185982712936325,2023-12-01,11
2023-12-01,2023-12-04,equity_max_sharpe,GE,equity,Industrials,1.0911623050412213e-16,3.0181330767938585e-16,1.9269707717526372e-16,0.08185982712936325,2023-12-01,12
2023-12-01,2023-12-04,equity_max_sharpe,PSA,equity,RealEstate,0.0,2.9264663695664774e-16,2.9264663695664774e-16,0.08185982712936325,2023-12-01,13
2023-12-01,2023-12-04,equity_max_sharpe,SO,equity,Utilities,0.0,2.453584097851714e-16,2.453584097851714e-16,0.08185982712936325,2023-12-01,14
2023-12-01,2023-12-04,equity_max_sharpe,AEP,equity,Utilities,0.0,2.418402458759577e-16,2.418402458759577e-16,0.08185982712936325,2023-12-01,15
2023-12-01,2023-12-04,equity_max_sharpe,WMT,equity,Consumer,0.012676721015038164,2.334385917500822e-16,-0.01267672101503793,0.08185982712936325,2023-12-01,16
2023-12-01,2023-12-04,equity_max_sharpe,DOW,equity,Materials,2.1556255967133962e-16,2.0713687184810529e-16,-8.425687823234334e-18,0.08185982712936325,2023-12-01,17
2023-12-01,2023-12-04,equity_max_sharpe,WFC,equity,Financials,2.2507870909620313e-16,1.6796007310667122e-16,-5.711863598953191e-17,0.08185982712936325,2023-12-01,18
2023-12-01,2023-12-04,equity_max_sharpe,NEE,equity,Utilities,0.0,1.4567036414411e-16,1.4567036414411e-16,0.08185982712936325,2023-12-01,19
2023-12-01,2023-12-04,equity_max_sharpe,AMGN,equity,Healthcare,9.896681708674258e-18,1.454163335622907e-16,1.3551965185361644e-16,0.08185982712936325,2023-12-01,20
2023-12-01,2023-12-04,equity_max_sharpe,PLD,equity,RealEstate,0.0,1.4078237173138376e-16,1.4078237173138376e-16,0.08185982712936325,2023-12-01,21
2023-12-01,2023-12-04,equity_max_sharpe,COP,equity,Energy,0.0,1.383259329263505e-16,1.383259329263505e-16,0.08185982712936325,2023-12-01,22
2023-12-01,2023-12-04,equity_max_sharpe,EA,equity,Comm,0.0,1.0187839326476797e-16,1.0187839326476797e-16,0.08185982712936325,2023-12-01,23
2023-12-01,2023-12-04,equity_max_sharpe,SHW,equity,Materials,0.0,9.135994214850582e-17,9.135994214850582e-17,0.08185982712936325,2023-12-01,24
2023-12-01,2023-12-04,equity_max_sharpe,USB,equity,Financials,0.0,5.702861323476648e-17,5.702861323476648e-17,0.08185982712936325,2023-12-01,25
2023-12-01,2023-12-04,equity_max_sharpe,DUK,equity,Utilities,0.0,5.557460640128443e-17,5.557460640128443e-17,0.08185982712936325,2023-12-01,26
2023-12-01,2023-12-04,equity_max_sharpe,CMCSA,equity,Comm,9.532869393654776e-17,3.734513395995902e-17,-5.798355997658874e-17,0.08185982712936325,2023-12-01,27
2023-12-01,2023-12-04,equity_max_sharpe,NEM,equity,Materials,0.0,1.858974208415316e-17,1.858974208415316e-17,0.08185982712936325,2023-12-01,28
2023-12-01,2023-12-04,equity_max_sharpe,UPS,equity,Industrials,9.86672447221431e-17,1.2012647926408872e-17,-8.665459679573422e-17,0.08185982712936325,2023-12-01,29
2023-12-01,2023-12-04,equity_max_sharpe,V,equity,Financials,3.643791726264277e-16,1.0999226225560025e-17,-3.5337994640086767e-16,0.08185982712936325,2023-12-01,30
2023-12-01,2023-12-04,equity_max_sharpe,DD,equity,Materials,0.0,2.34654475847657e-18,2.34654475847657e-18,0.08185982712936325,2023-12-01,31
2023-12-01,2023-12-04,equity_max_sharpe,GS,equity,Financials,0.0,1.6707918569856012e-18,1.6707918569856012e-18,0.08185982712936325,2023-12-01,32
2023-12-01,2023-12-04,equity_max_sharpe,ABT,equity,Healthcare,1.238477107649796e-16,0.0,-1.238477107649796e-16,0.08185982712936325,2023-12-01,33
2023-12-01,2023-12-04,equity_max_sharpe,ADBE,equity,Tech,0.0,0.0,0.0,0.08185982712936325,2023-12-01,34
2023-12-01,2023-12-04,equity_max_sharpe,AMT,equity,RealEstate,8.158288379989184e-16,0.0,-8.158288379989184e-16,0.08185982712936325,2023-12-01,35
2023-12-01,2023-12-04,equity_max_sharpe,BA,equity,Industrials,4.469733067537347e-16,0.0,-4.469733067537347e-16,0.08185982712936325,2023-12-01,36
2023-12-01,2023-12-04,equity_max_sharpe,CCI,equity,RealEstate,0.0,0.0,0.0,0.08185982712936325,2023-12-01,37
2023-12-01,2023-12-04,equity_max_sharpe,CVX,equity,Energy,0.0,0.0,0.0,0.08185982712936325,2023-12-01,38
2023-12-01,2023-12-04,equity_max_sharpe,D,equity,Utilities,2.616036801242674e-16,0.0,-2.616036801242674e-16,0.08185982712936325,2023-12-01,39
2023-12-01,2023-12-04,equity_max_sharpe,DIS,equity,Consumer,0.0,0.0,0.0,0.08185982712936325,2023-12-01,40
2023-12-01,2023-12-04,equity_max_sharpe,KO,equity,Consumer,0.0,0.0,0.0,0.08185982712936325,2023-12-01,41
2023-12-01,2023-12-04,equity_max_sharpe,MMM,equity,Industrials,2.7611624614912355e-16,0.0,-2.7611624614912355e-16,0.08185982712936325,2023-12-01,42
2023-12-01,2023-12-04,equity_max_sharpe,MRK,equity,Healthcare,2.0274701489013607e-16,0.0,-2.0274701489013607e-16,0.08185982712936325,2023-12-01,43
2023-12-01,2023-12-04,equity_max_sharpe,MS,equity,Financials,3.851729502414833e-16,0.0,-3.851729502414833e-16,0.08185982712936325,2023-12-01,44
2023-12-01,2023-12-04,equity_max_sharpe,NKE,equity,Consumer,2.0552560837585906e-16,0.0,-2.0552560837585906e-16,0.08185982712936325,2023-12-01,45
2023-12-01,2023-12-04,equity_max_sharpe,QCOM,equity,Tech,3.06653070233677e-16,0.0,-3.06653070233677e-16,0.08185982712936325,2023-12-01,46
2023-12-01,2023-12-04,equity_max_sharpe,SBUX,equity,Consumer,3.9576178442233153e-16,0.0,-3.9576178442233153e-16,0.08185982712936325,2023-12-01,47
2023-12-01,2023-12-04,equity_max_sharpe,SLB,equity,Energy,0.0,0.0,0.0,0.08185982712936325,2023-12-01,48
2023-12-01,2023-12-04,equity_max_sharpe,T,equity,Comm,2.41399741333534e-16,0.0,-2.41399741333534e-16,0.08185982712936325,2023-12-01,49
2023-12-01,2023-12-04,equity_max_sharpe,TTWO,equity,Comm,0.0,0.0,0.0,0.08185982712936325,2023-12-01,50
2023-12-01,2023-12-04,equity_min_variance,WMT,equity,Consumer,0.18485626520108617,0.19928024967606367,0.014423984474977503,0.03318234881775205,2023-12-01,1
2023-12-01,2023-12-04,equity_min_variance,MRK,equity,Healthcare,0.12037944771559346,0.12817612495820915,0.007796677242615693,0.03318234881775205,2023-12-01,2
2023-12-01,2023-12-04,equity_min_variance,ABBV,equity,Healthcare,0.11565262085671543,0.11875528955994306,0.0031026687032276318,0.03318234881775205,2023-12-01,3
2023-12-01,2023-12-04,equity_min_variance,KO,equity,Consumer,0.09915157863208739,0.10274008749824426,0.0035885088661568726,0.03318234881775205,2023-12-01,4
2023-12-01,2023-12-04,equity_min_variance,EA,equity,Comm,0.11080543498776113,0.10167835420367957,-0.00912708078408156,0.03318234881775205,2023-12-01,5
2023-12-01,2023-12-04,equity_min_variance,GILD,equity,Healthcare,0.09725718048248697,0.10130097734569533,0.004043796863208368,0.03318234881775205,2023-12-01,6
2023-12-01,2023-12-04,equity_min_variance,NEM,equity,Materials,0.08795878798419131,0.07856443506440987,-0.00939435291978144,0.03318234881775205,2023-12-01,7
2023-12-01,2023-12-04,equity_min_variance,PSA,equity,RealEstate,0.05386374145756902,0.04774724002997306,-0.006116501427595955,0.03318234881775205,2023-12-01,8
2023-12-01,2023-12-04,equity_min_variance,MMM,equity,Industrials,0.04816752987360613,0.04328689294696053,-0.004880636926645601,0.03318234881775205,2023-12-01,9
2023-12-01,2023-12-04,equity_min_variance,TTWO,equity,Comm,0.03681888609638463,0.03483274924416941,-0.0019861368522152215,0.03318234881775205,2023-12-01,10
2023-12-01,2023-12-04,equity_min_variance,T,equity,Comm,0.031981247055610555,0.03220795972317646,0.0002267126675659023,0.03318234881775205,2023-12-01,11
2023-12-01,2023-12-04,equity_min_variance,UPS,equity,Industrials,0.013107279656907687,0.01142963974947547,-0.0016776399074322178,0.03318234881775205,2023-12-01,12
2023-12-01,2023-12-04,equity_min_variance,QCOM,equity,Tech,0.0,9.651702201702452e-18,9.651702201702452e-18,0.03318234881775205,2023-12-01,13
2023-12-01,2023-12-04,equity_min_variance,AMD,equity,Tech,5.235902236352288e-18,9.47878454986668e-18,4.242882313514392e-18,0.03318234881775205,2023-12-01,14
2023-12-01,2023-12-04,equity_min_variance,AEP,equity,Utilities,0.0,8.861699772572051e-18,8.861699772572051e-18,0.03318234881775205,2023-12-01,15
2023-12-01,2023-12-04,equity_min_variance,SO,equity,Utilities,0.0,8.79935234626635e-18,8.79935234626635e-18,0.03318234881775205,2023-12-01,16
2023-12-01,2023-12-04,equity_min_variance,DUK,equity,Utilities,0.0,7.133644862006811e-18,7.133644862006811e-18,0.03318234881775205,2023-12-01,17
2023-12-01,2023-12-04,equity_min_variance,AMT,equity,RealEstate,3.275505299621776e-18,6.485328068682154e-18,3.209822769060378e-18,0.03318234881775205,2023-12-01,18
2023-12-01,2023-12-04,equity_min_variance,BA,equity,Industrials,0.0,5.501535656384578e-18,5.501535656384578e-18,0.03318234881775205,2023-12-01,19
2023-12-01,2023-12-04,equity_min_variance,D,equity,Utilities,0.0,5.08808980637452e-18,5.08808980637452e-18,0.03318234881775205,2023-12-01,20
2023-12-01,2023-12-04,equity_min_variance,OXY,equity,Energy,0.0,4.529584263132379e-18,4.529584263132379e-18,0.03318234881775205,2023-12-01,21
2023-12-01,2023-12-04,equity_min_variance,O,equity,RealEstate,8.572695735945684e-18,4.496041420354352e-18,-4.076654315591332e-18,0.03318234881775205,2023-12-01,22
2023-12-01,2023-12-04,equity_min_variance,AMGN,equity,Healthcare,6.2122060083860045e-18,4.426567576459699e-18,-1.7856384319263056e-18,0.03318234881775205,2023-12-01,23
2023-12-01,2023-12-04,equity_min_variance,CVX,equity,Energy,1.0836723812424789e-17,3.2031580444106254e-18,-7.633565768014164e-18,0.03318234881775205,2023-12-01,24
2023-12-01,2023-12-04,equity_min_variance,ABT,equity,Healthcare,0.0,2.8462546413365806e-18,2.8462546413365806e-18,0.03318234881775205,2023-12-01,25
2023-12-01,2023-12-04,equity_min_variance,CMCSA,equity,Comm,1.2710512216240217e-18,1.5865086767970697e-18,3.1545745517304793e-19,0.03318234881775205,2023-12-01,26
2023-12-01,2023-12-04,equity_min_variance,NEE,equity,Utilities,4.3054294004920166e-18,1.3184456298670104e-18,-2.9869837706250062e-18,0.03318234881775205,2023-12-01,27
2023-12-01,2023-12-04,equity_min_variance,NUE,equity,Materials,0.0,1.2982757665234683e-20,1.2982757665234683e-20,0.03318234881775205,2023-12-01,28
2023-12-01,2023-12-04,equity_min_variance,ADBE,equity,Tech,0.0,0.0,0.0,0.03318234881775205,2023-12-01,29
2023-12-01,2023-12-04,equity_min_variance,CAT,equity,Industrials,9.515521434024941e-19,0.0,-9.515521434024941e-19,0.03318234881775205,2023-12-01,30
2023-12-01,2023-12-04,equity_min_variance,CCI,equity,RealEstate,0.0,0.0,0.0,0.03318234881775205,2023-12-01,31
2023-12-01,2023-12-04,equity_min_variance,COP,equity,Energy,2.624851469935774e-18,0.0,-2.624851469935774e-18,0.03318234881775205,2023-12-01,32
2023-12-01,2023-12-04,equity_min_variance,DD,equity,Materials,0.0,0.0,0.0,0.03318234881775205,2023-12-01,33
2023-12-01,2023-12-04,equity_min_variance,DIS,equity,Consumer,0.0,0.0,0.0,0.03318234881775205,2023-12-01,34
2023-12-01,2023-12-04,equity_min_variance,DOW,equity,Materials,1.2322273803256054e-18,0.0,-1.2322273803256054e-18,0.03318234881775205,2023-12-01,35
2023-12-01,2023-12-04,equity_min_variance,GE,equity,Industrials,7.363805411214194e-18,0.0,-7.363805411214194e-18,0.03318234881775205,2023-12-01,36
2023-12-01,2023-12-04,equity_min_variance,GS,equity,Financials,4.947358561407428e-18,0.0,-4.947358561407428e-18,0.03318234881775205,2023-12-01,37
2023-12-01,2023-12-04,equity_min_variance,INTC,equity,Tech,0.0,0.0,0.0,0.03318234881775205,2023-12-01,38
2023-12-01,2023-12-04,equity_min_variance,MS,equity,Financials,0.0,0.0,0.0,0.03318234881775205,2023-12-01,39
2023-12-01,2023-12-04,equity_min_variance,NKE,equity,Consumer,1.6673844710634886e-18,0.0,-1.6673844710634886e-18,0.03318234881775205,2023-12-01,40
2023-12-01,2023-12-04,equity_min_variance,NVDA,equity,Tech,1.2380124472325185e-17,0.0,-1.2380124472325185e-17,0.03318234881775205,2023-12-01,41
2023-12-01,2023-12-04,equity_min_variance,PLD,equity,RealEstate,5.1868275294504614e-18,0.0,-5.1868275294504614e-18,0.03318234881775205,2023-12-01,42
2023-12-01,2023-12-04,equity_min_variance,SBUX,equity,Consumer,3.1370298949577092e-18,0.0,-3.1370298949577092e-18,0.03318234881775205,2023-12-01,43
2023-12-01,2023-12-04,equity_min_variance,SHW,equity,Materials,1.1092368196652641e-18,0.0,-1.1092368196652641e-18,0.03318234881775205,2023-12-01,44
2023-12-01,2023-12-04,equity_min_variance,SLB,equity,Energy,4.960549609199386e-18,0.0,-4.960549609199386e-18,0.03318234881775205,2023-12-01,45
2023-12-01,2023-12-04,equity_min_variance,TMUS,equity,Comm,2.590598306920201e-18,0.0,-2.590598306920201e-18,0.03318234881775205,2023-12-01,46
2023-12-01,2023-12-04,equity_min_variance,USB,equity,Financials,1.729472921191219e-18,0.0,-1.729472921191219e-18,0.03318234881775205,2023-12-01,47
2023-12-01,2023-12-04,equity_min_variance,V,equity,Financials,1.5539939582854305e-18,0.0,-1.5539939582854305e-18,0.03318234881775205,2023-12-01,48
2023-12-01,2023-12-04,equity_min_variance,WFC,equity,Financials,8.296180592620988e-18,0.0,-8.296180592620988e-18,0.03318234881775205,2023-12-01,49
2023-12-01,2023-12-04,equity_min_variance,XOM,equity,Energy,2.5019604849202916e-18,0.0,-2.5019604849202916e-18,0.03318234881775205,2023-12-01,50
2023-12-01,2023-12-04,equity_risk_parity,WMT,equity,Consumer,0.031092274536220408,0.03649190935410545,0.005399634817885041,0.030096083873727704,2023-12-01,1
2023-12-01,2023-12-04,equity_risk_parity,GILD,equity,Healthcare,0.029692533138988043,0.033330150872383175,0.003637617733395132,0.030096083873727704,2023-12-01,2
2023-12-01,2023-12-04,equity_risk_parity,MRK,equity,Healthcare,0.029415505747471177,0.03211150135344192,0.0026959956059707454,0.030096083873727704,2023-12-01,3
2023-12-01,2023-12-04,equity_risk_parity,NEM,equity,Materials,0.03342963483055561,0.032096728987337064,-0.0013329058432185459,0.030096083873727704,2023-12-01,4
2023-12-01,2023-12-04,equity_risk_parity,EA,equity,Comm,0.03142746593290936,0.030658057626966967,-0.0007694083059423956,0.030096083873727704,2023-12-01,5
2023-12-01,2023-12-04,equity_risk_parity,ABBV,equity,Healthcare,0.02735442399525037,0.029793632169528086,0.0024392081742777155,0.030096083873727704,2023-12-01,6
2023-12-01,2023-12-04,equity_risk_parity,AMGN,equity,Healthcare,0.025766425991053447,0.026608734478700807,0.0008423084876473599,0.030096083873727704,2023-12-01,7
2023-12-01,2023-12-04,equity_risk_parity,TTWO,equity,Comm,0.028192015990537184,0.02606894267001628,-0.0021230733205209046,0.030096083873727704,2023-12-01,8
2023-12-01,2023-12-04,equity_risk_parity,KO,equity,Consumer,0.024141675505294207,0.025287569521061832,0.0011458940157676248,0.030096083873727704,2023-12-01,9
2023-12-01,2023-12-04,equity_risk_parity,AEP,equity,Utilities,0.02451133768584826,0.02500357952811663,0.0004922418422683671,0.030096083873727704,2023-12-01,10
2023-12-01,2023-12-04,equity_risk_parity,PSA,equity,RealEstate,0.025063735119704816,0.024729175011309588,-0.00033456010839522793,0.030096083873727704,2023-12-01,11
2023-12-01,2023-12-04,equity_risk_parity,T,equity,Comm,0.023102464355094776,0.023499051134280854,0.0003965867791860776,0.030096083873727704,2023-12-01,12
2023-12-01,2023-12-04,equity_risk_parity,TMUS,equity,Comm,0.02237435942263037,0.02326830359771065,0.0008939441750802773,0.030096083873727704,2023-12-01,13
2023-12-01,2023-12-04,equity_risk_parity,ABT,equity,Healthcare,0.02294035128781826,0.02273300336320316,-0.00020734792461509985,0.030096083873727704,2023-12-01,14
2023-12-01,2023-12-04,equity_risk_parity,DUK,equity,Utilities,0.021440323177680444,0.02238832146100256,0.0009479982833221143,0.030096083873727704,2023-12-01,15
2023-12-01,2023-12-04,equity_risk_parity,UPS,equity,Industrials,0.022433374818065455,0.021767444197317427,-0.000665930620748028,0.030096083873727704,2023-12-01,16
2023-12-01,2023-12-04,equity_risk_parity,MMM,equity,Industrials,0.022239744161845383,0.021614197640440157,-0.0006255465214052257,0.030096083873727704,2023-12-01,17
2023-12-01,2023-12-04,equity_risk_parity,D,equity,Utilities,0.02339918982339786,0.021549165374705616,-0.0018500244486922453,0.030096083873727704,2023-12-01,18
2023-12-01,2023-12-04,equity_risk_parity,SO,equity,Utilities,0.019903628305841036,0.020567627562474707,0.0006639992566336711,0.030096083873727704,2023-12-01,19
2023-12-01,2023-12-04,equity_risk_parity,CMCSA,equity,Comm,0.01898122302637373,0.020501582229485813,0.0015203592031120816,0.030096083873727704,2023-12-01,20
2023-12-01,2023-12-04,equity_risk_parity,NEE,equity,Utilities,0.018862506542349455,0.0200402899011747,0.0011777833588252455,0.030096083873727704,2023-12-01,21
2023-12-01,2023-12-04,equity_risk_parity,SHW,equity,Materials,0.02156087279129691,0.01975920349522817,-0.0018016692960687412,0.030096083873727704,2023-12-01,22
2023-12-01,2023-12-04,equity_risk_parity,CCI,equity,RealEstate,0.02331792148202779,0.019617188759953358,-0.003700732722074433,0.030096083873727704,2023-12-01,23
2023-12-01,2023-12-04,equity_risk_parity,AMT,equity,RealEstate,0.020433927413562557,0.018744542016405172,-0.001689385397157385,0.030096083873727704,2023-12-01,24
2023-12-01,2023-12-04,equity_risk_parity,O,equity,RealEstate,0.01911384682364659,0.018153439131770498,-0.0009604076918760911,0.030096083873727704,2023-12-01,25
2023-12-01,2023-12-04,equity_risk_parity,V,equity,Financials,0.017681708124923597,0.017965900361075902,0.00028419223615230513,0.030096083873727704,2023-12-01,26
2023-12-01,2023-12-04,equity_risk_parity,CAT,equity,Industrials,0.01825641840137457,0.017942451532149104,-0.00031396686922546477,0.030096083873727704,2023-12-01,27
2023-12-01,2023-12-04,equity_risk_parity,NKE,equity,Consumer,0.018541322932238445,0.017883411542598072,-0.0006579113896403727,0.030096083873727704,2023-12-01,28
2023-12-01,2023-12-04,equity_risk_parity,XOM,equity,Energy,0.015877010352505324,0.0176635093701971,0.0017864990176917755,0.030096083873727704,2023-12-01,29
2023-12-01,2023-12-04,equity_risk_parity,DIS,equity,Consumer,0.01807320765899827,0.01735620899781338,-0.0007169986611848915,0.030096083873727704,2023-12-01,30
2023-12-01,2023-12-04,equity_risk_parity,SBUX,equity,Consumer,0.017333200064877454,0.017203070770344768,-0.0001301292945326861,0.030096083873727704,2023-12-01,31
2023-12-01,2023-12-04,equity_risk_parity,ADBE,equity,Tech,0.01765430752365087,0.01714365067685864,-0.0005106568467922318,0.030096083873727704,2023-12-01,32
2023-12-01,2023-12-04,equity_risk_parity,PLD,equity,RealEstate,0.01794905419370688,0.01670451854865398,-0.001244535645052898,0.030096083873727704,2023-12-01,33
2023-12-01,2023-12-04,equity_risk_parity,INTC,equity,Tech,0.01717620841872762,0.01594526149108124,-0.00123094692764638,0.030096083873727704,2023-12-01,34
2023-12-01,2023-12-04,equity_risk_parity,DD,equity,Materials,0.01568791381670102,0.01574035028578542,5.243646908439925e-05,0.030096083873727704,2023-12-01,35
2023-12-01,2023-12-04,equity_risk_parity,CVX,equity,Energy,0.014520279381342597,0.01563077253025354,0.0011104931489109432,0.030096083873727704,2023-12-01,36
2023-12-01,2023-12-04,equity_risk_parity,GS,equity,Financials,0.01641256195550892,0.015616782456987588,-0.0007957794985213335,0.030096083873727704,2023-12-01,37
2023-12-01,2023-12-04,equity_risk_parity,QCOM,equity,Tech,0.016707687852170045,0.015431711979288084,-0.0012759758728819615,0.030096083873727704,2023-12-01,38
2023-12-01,2023-12-04,equity_risk_parity,GE,equity,Industrials,0.01585621229690927,0.015216154649391432,-0.0006400576475178374,0.030096083873727704,2023-12-01,39
2023-12-01,2023-12-04,equity_risk_parity,NUE,equity,Materials,0.015867897561408065,0.015066035564395262,-0.0008018619970128031,0.030096083873727704,2023-12-01,40
2023-12-01,2023-12-04,equity_risk_parity,DOW,equity,Materials,0.014795912054559211,0.014678879665034372,-0.00011703238952483902,0.030096083873727704,2023-12-01,41
2023-12-01,2023-12-04,equity_risk_parity,USB,equity,Financials,0.01674757815985094,0.014614578431536959,-0.002132999728313982,0.030096083873727704,2023-12-01,42
2023-12-01,2023-12-04,equity_risk_parity,AMD,equity,Tech,0.014651594612894751,0.014270160326440266,-0.00038143428645448507,0.030096083873727704,2023-12-01,43
2023-12-01,2023-12-04,equity_risk_parity,WFC,equity,Financials,0.014907953216862153,0.014155683232940528,-0.0007522699839216246,0.030096083873727704,2023-12-01,44
2023-12-01,2023-12-04,equity_risk_parity,MS,equity,Financials,0.014664826029272304,0.013978474240030698,-0.0006863517892416061,0.030096083873727704,2023-12-01,45
2023-12-01,2023-12-04,equity_risk_parity,COP,equity,Energy,0.012563403843963662,0.013846460474202325,0.0012830566302386628,0.030096083873727704,2023-12-01,46
2023-12-01,2023-12-04,equity_risk_parity,SLB,equity,Energy,0.011448401870651157,0.01336726704065672,0.0019188651700055622,0.030096083873727704,2023-12-01,47
2023-12-01,2023-12-04,equity_risk_parity,NVDA,equity,Tech,0.013201835064462531,0.013087181692250574,-0.00011465337221195672,0.030096083873727704,2023-12-01,48
2023-12-01,2023-12-04,equity_risk_parity,BA,equity,Industrials,0.013435497998778825,0.01190396852544274,-0.001531529473336084,0.030096083873727704,2023-12-01,49
2023-12-01,2023-12-04,equity_risk_parity,OXY,equity,Energy,0.00979724470819806,0.011204214176470613,0.0014069694682725536,0.030096083873727704,2023-12-01,50
