date,daily_return,growth_of_1,drawdown
2021-01-05,0.00267264759709077,1.0026726475970908,0.0
2021-01-06,0.009848209692162596,1.012547178083223,0.0
2021-01-07,0.0068344601487100925,1.0194673914205215,0.0
2021-01-08,-0.0030666130631388793,1.0163410794005472,-0.0030666130631388233
2021-01-11,0.0027244900717063618,1.0191100905808412,-0.0003504779482768061
2021-01-12,0.0004790019187482388,1.0195982462696451,0.0
2021-01-13,0.0010601600999231484,1.0206791836482918,0.0
2021-01-14,0.006256366376099801,1.0270649265736538,0.0
2021-01-15,-0.003635089779282418,1.0233314533564064,-0.0036350897792825076
2021-01-19,0.016676288614326688,1.0403968240206964,0.0
2021-01-20,0.01180715443118848,1.0526809499916268,0.0
2021-01-21,-0.011289979959560222,1.0407962031624105,-0.011289979959560159
2021-01-22,-0.0019630560469624044,1.038753061882137,-0.013230873143092903
2021-01-25,0.0038022512388739787,1.0427026619985624,-0.009478929008018722
2021-01-26,-0.007075553112756053,1.0353249639327795,-0.0164874134551265
2021-01-27,-0.028507686843456576,1.0058102440797707,-0.044525082278945805
2021-01-28,0.0026827145195095366,1.008508545825435,-0.041961815844148265
2021-01-29,-0.008580409151718591,0.9998551298692481,-0.05018217544717507
2021-02-01,-0.0011323133260232043,0.9987229805816044,-0.05125766682721067
2021-02-02,0.00915133299913773,1.007862627150798,-0.04257540980596752
2021-02-03,-0.012019969692419391,0.9957481489183232,-0.05408362436287695
2021-02-04,-0.002177636221752836,0.9935797716814954,-0.05614348612521347
2021-02-05,0.016485867914318778,1.0099597965597755,-0.04058319230740426
2021-02-08,0.003789885316375981,1.0137874283628876,-0.03694711263564565
2021-02-09,-0.0012838994082234162,1.0124858272835482,-0.0381835756678206
2021-02-10,-0.007391767785350006,1.0050017671623102,-0.0452930993286198
2021-02-11,-0.0012357544848042874,1.003759831721303,-0.04647288266279814
2021-02-12,0.003997142695670139,1.007772003000875,-0.0426614987106102
2021-02-16,-0.013205574450333482,0.9944637947862853,-0.05530370356355785
2021-02-17,0.006205424825800981,1.0006348651068124,-0.04944146171280894
2021-02-18,-0.00034752252827789957,1.0002871219486076,-0.049771802219310546
2021-02-19,-0.008921374915593317,0.9913631855104642,-0.05824914422708061
2021-02-22,-0.002022821047996937,0.9893578351926043,-0.060154137680107245
2021-02-23,-0.006596864645191302,0.9828311754681793,-0.06635417362117457
2021-02-24,-0.0019776604939066808,0.980887469080276,-0.06820060808730488
2021-02-25,-0.011839561738879989,0.9692741913312063,-0.07923270451610609
2021-02-26,-0.01564829088320125,0.9541067068396759,-0.09364113899157667
2021-03-01,0.011051652559378407,0.9646511626682408,-0.08362437576559756
2021-03-02,0.0014938280331986834,0.9660921856172923,-0.08225546816917628
2021-03-03,-0.014431044378848495,0.9521504664125904,-0.09549948023647248
2021-03-04,-0.0016901949690563028,0.9505411464844752,-0.09702826246448559
2021-03-05,0.014174800720534392,0.964014877812561,-0.0842288180286449
2021-03-08,-0.0011182343685549536,0.9629368832443927,-0.08525286483805739
2021-03-09,0.006482489442349269,0.9691791114236732,-0.07932302619195086
2021-03-10,0.010488742188457916,0.9793445812578347,-0.06966628277482878
2021-03-11,-0.002272915781744221,0.9771186135033281,-0.07178085296299863
2021-03-12,0.010071669667631337,0.9869598294046275,-0.062432136334871546
2021-03-15,0.007669102733390852,0.9945289257300615,-0.05524183206889788
2021-03-16,0.006379579162562221,1.0008736017412143,-0.04921467254710421
2021-03-17,-0.012668136520103747,0.9881943983149887,-0.06125935087658896
2021-03-18,-0.0076449248031654924,0.9806397264489612,-0.06843595254881218
2021-03-19,-0.004288702542638803,0.9764340543607269,-0.07243115364774699
2021-03-22,0.010531184060289776,0.9867170611099347,-0.06266275539822086
2021-03-23,0.0074086635841103445,0.9940273158684003,-0.0557183390881093
2021-03-24,-0.007493283442210076,0.9865787874412991,-0.06279410922260298
2021-03-25,0.0026690027702505493,0.9892119689580503,-0.060292704103823036
2021-03-26,0.014338979197263582,1.003396258802624,-0.0468182607364509
2021-03-29,0.0119618898802373,1.015398774356663,-0.03541640573552729
2021-03-30,-0.006981174944547933,1.0083100978743995,-0.04215033255572842
2021-03-31,0.0009112065119292001,1.0092288766016266,-0.04127753370130405
2021-04-01,0.010103385499158367,1.0194255049988155,-0.03159119103758434
2021-04-05,0.010709066526518787,1.0303426005506777,-0.021220436677539145
2021-04-06,-0.000987647984354685,1.029324984758049,-0.022187126340382224
2021-04-07,-0.0013270326792382326,1.0279590368657185,-0.023484715977908466
2021-04-08,-7.681044990709742e-06,1.0279511410661077,-0.023492216635739194
2021-04-09,0.0041784065714413725,1.032246338869059,-0.019411970096666287
2021-04-12,-0.0006453588245038771,1.031580169585208,-0.020044801234967324
2021-04-13,0.0022954267226296364,1.0339480862730086,-0.017795385884742387
2021-04-14,-0.002320828467936652,1.0315484701200175,-0.02007491431451991
2021-04-15,0.011275727120533926,1.0431799291806951,-0.009025546449764499
2021-04-16,0.0021865963073231013,1.0454609425617152,-0.006858685368980044
2021-04-19,-0.004216214146022166,1.0410530553465729,-0.011045981828726292
2021-04-20,0.0052072340054243865,1.0464740622178244,-0.005896266835503927
2021-04-21,0.008110574542184982,1.0549615681059052,0.0
2021-04-22,-0.0044669302356076775,1.050249128379929,-0.004466930235607625
2021-04-23,0.005168376020355019,1.0556772107904464,0.0
2021-04-26,-0.004974909895222172,1.0504253117883244,-0.0049749098952222015
2021-04-27,-0.009999645112184007,1.039921431453586,-0.014924807673988849
2021-04-28,0.003544462812305201,1.0436073942950925,-0.01143324528746481
2021-04-29,0.003028882724598554,1.0467683587029362,-0.008438992522003641
2021-04-30,-0.00832170957156507,1.0380574564331064,-0.016690475248724024
2021-05-03,0.011609531278009417,1.0501088169419375,-0.005274712565159545
2021-05-04,-0.005907353314631259,1.043905453141452,-0.011150906289035256
2021-05-05,0.006895812404206629,1.051104029314044,-0.004331988442734636
2021-05-06,0.006576963041964381,1.0580171016681021,0.0
2021-05-07,0.0025197442251774825,1.0606830341501694,0.0
2021-05-10,0.003382320224430561,1.0642706038282859,0.0
2021-05-11,-0.00687135562737394,1.0569576220256216,-0.006871355627374065
2021-05-12,-0.008055713741285298,1.0484430739859136,-0.014871715694710574
2021-05-13,0.013050304606202474,1.0621255754636931,-0.0020154915083409053
2021-05-14,0.0012482259468020584,1.063451348165749,-0.0007697813503350082
2021-05-17,0.007786609324345493,1.0717320283493643,0.0
2021-05-18,0.001266361994100164,1.073089229057926,0.0
2021-05-19,0.0002268924453278417,1.073332704897162,0.0
2021-05-20,0.010425053639974174,1.0845222559192533,0.0
2021-05-21,-0.007399768987853159,1.0764970417632655,-0.007399768987853106
2021-05-24,-0.000642415943880905,1.0758054829000963,-0.008037431202155165
2021-05-25,-0.0069449211257790215,1.0683340986746745,-0.014926533002181275
2021-05-26,0.001251369034101629,1.069670978883831,-0.01369384256926498
2021-05-27,-0.007773597756863339,1.0613557869617978,-0.021360989902249106
2021-05-28,0.003923590762243965,1.0655201127229752,-0.017521210922658015
2021-06-01,-0.0029982296994438364,1.0623254386756544,-0.020466908007143347
2021-06-02,-0.005054404124805841,1.056956016596526,-0.025417864107695864
2021-06-03,0.00225584502708139,1.059340345570409,-0.02321935784296092
2021-06-04,0.009894307720622574,1.0698217849303533,-0.013554789593911765
2021-06-07,-0.0023346638447851744,1.0673241106887128,-0.015857807561508452
2021-06-08,-0.004792840999193182,1.0622085959315766,-0.020574644610463433
2021-06-09,0.0016717161279855275,1.0639843071726802,-0.018937323447700827
2021-06-10,0.008020878125423108,1.0725183956278752,-0.011068339285673301
2021-06-11,0.0010845356953393028,1.0736815801118416,-0.00999580759937757
2021-06-14,0.0009521521842082306,1.0747038883734892,-0.009053172945208021
2021-06-15,-0.009404341920576648,1.0645970055438516,-0.018372375731941837
2021-06-16,-0.014396557239421473,1.049270473816623,-0.03250443401251413
2021-06-17,-0.0065779180115502975,1.0423684586679167,-0.0388685405221183
2021-06-18,-0.01150407688820657,1.0303769717735596,-0.04992547073162601
2021-06-21,0.009674098874953213,1.040344940476972,-0.040734355796909094
2021-06-22,-5.6398224070827605e-05,1.040286266869908,-0.04078845667565434
2021-06-23,-0.008925567140866153,1.0310011219492397,-0.04934996370788958
2021-06-24,0.004803844993763794,1.0359538915274804,-0.04478318829022632
2021-06-25,0.004550783410179331,1.0406682933107543,-0.04043620347037313
2021-06-28,0.006419398045778115,1.0473487573191365,-0.03427638151013157
2021-06-29,-0.0008908321021175764,1.0464157454240035,-0.03513667911125562
2021-06-30,0.010727310545485784,1.0576409720848527,-0.0247862906341334
2021-07-01,-0.0034618343548413074,1.0539795942326018,-0.02816231895652821
2021-07-02,0.005964715068773793,1.0602662822005011,-0.022365584096005975
2021-07-06,-0.00034921399215556687,1.0598960223793459,-0.022706987713252524
2021-07-07,0.00362745998114633,1.0637407527847031,-0.019161896421328484
2021-07-08,-0.007078831759928722,1.0562107109595602,-0.026105084340289464
2021-07-09,0.008708984216080167,1.0654092333701617,-0.01762344889168843
2021-07-12,0.0004991887305752574,1.065941073652911,-0.017133057588193834
2021-07-13,-0.0003450081340338699,1.0655733153120999,-0.017472154677998897
2021-07-14,0.0058894887394940745,1.0718489973537357,-0.011685567996735702
2021-07-15,8.363275773920889e-05,1.0719386390412644,-0.01160291253527379
2021-07-16,-0.0027854708842729244,1.0689527851724878,-0.014356063844506939
2021-07-19,-0.011353218904119527,1.0568167302042564,-0.025546295213198178
2021-07-20,0.006922273762181648,1.064132304927184,-0.018800859900091726
2021-07-21,-0.003497684439893373,1.0604103059222523,-0.022232784864856026
2021-07-22,0.0013606774667874208,1.0618531823310697,-0.020902359047458186
2021-07-23,0.009551180757977899,1.071995134013948,-0.011550820499010572
2021-07-26,0.00038094694140141966,1.0724035072814477,-0.011174273807349033
2021-07-27,-0.003518495770835789,1.0686302600764486,-0.014653452943051426
2021-07-28,0.0013852511465567352,1.0701105813694647,-0.013288500508985113
2021-07-29,-0.0014574445534652584,1.068550954531042,-0.014726577809759944
2021-07-30,-0.002488178013167014,1.0658922095400294,-0.01717811347581144
2021-08-02,-0.0036857148808259856,1.0619636347619712,-0.020800514728175123
2021-08-03,0.008053285588873861,1.070515931197708,-0.012914741624802772
2021-08-04,-0.009191383844189738,1.0606764083627496,-0.021987421121470452
2021-08-05,0.007428084062169547,1.068555201886828,-0.014722661471701537
2021-08-06,-0.003912251841836726,1.0643747448301422,-0.01857731455407885
2021-08-09,0.0006516695922405265,1.0650683654860966,-0.017937751232838806
2021-08-10,0.011423883527385895,1.0772355824421131,-0.006718786486279993
2021-08-11,0.0046555460903807844,1.0822507023463706,-0.0020945200160575883
2021-08-12,0.005656404243112506,1.0883723498112339,0.0
2021-08-13,0.003569218490173117,1.0922569885263733,0.0
2021-08-16,0.010357761412004268,1.1035703258141238,0.0
2021-08-17,0.00495724786316042,1.109040997453613,0.0
2021-08-18,-0.012298905246890375,1.0954010073110143,-0.012298905246890368
2021-08-19,0.004149132529470113,1.0999459712632627,-0.008200802505257121
2021-08-20,0.006599752318245109,1.1072053422370516,-0.0016551734523576611
2021-08-23,-0.0018054271186346517,1.1052063636862797,-0.003457612275955313
2021-08-24,-0.0059914846398413605,1.0985845367343985,-0.009428380684954774
2021-08-25,-0.0022765920559191747,1.0960835079053133,-0.011683508164306411
2021-08-26,-0.004833054844187286,1.0907860761977977,-0.0164600959727631
2021-08-27,-0.002866958616403198,1.0876588376579899,-0.01927986417519023
2021-08-30,0.007214049636350052,1.0955052625002693,-0.012204900435982324
2021-08-31,0.003522797594120992,1.099364505803352,-0.008725098235753626
2021-09-01,-0.01204794528812932,1.086119422385722,-0.02066792401770501
2021-09-02,0.004012551287771243,1.0904775322726894,-0.01673830383506636
2021-09-03,0.0023730953763050604,1.0930653394624903,-0.014404930050199494
2021-09-07,-0.014256807864748526,1.0774817169341575,-0.028456369594917152
2021-09-08,0.0035133610808834844,1.0812672992637975,-0.025042986015471613
2021-09-09,-0.012294683108399852,1.0679734604638738,-0.03702977354672321
2021-09-10,-0.0018646115081999025,1.0659821048590408,-0.03882533891302187
2021-09-13,-0.0034773318753258003,1.0622753313072875,-0.04216766219977508
2021-09-14,-0.004325935304888,1.0576799969480737,-0.04631118292602854
2021-09-15,0.00018992571741777208,1.0578808775802926,-0.04613005289325234
2021-09-16,-0.0021222611699058917,1.055635778071418,-0.04815441404313703
2021-09-17,-0.0064758068019411565,1.0487996847194108,-0.054318382163074164
2021-09-20,-0.01085532722299068,1.037414620950412,-0.0645840655734613
2021-09-21,-0.000754771090567033,1.0366316103855873,-0.06529009047842205
2021-09-22,-0.0033180066172579558,1.0331920598426692,-0.06839146414343111
2021-09-23,0.0008470143826861965,1.034067188377433,-0.06760237831452742
2021-09-24,0.0015549800872989867,1.0356751422642891,-0.06615251857936166
2021-09-27,-0.005974060736831254,1.029487956060776,-0.0717313801523054
2021-09-28,-0.004581807264753916,1.0247710406647201,-0.07598452805836664
2021-09-29,0.006888066726676668,1.0318297319723846,-0.06961984783115105
2021-09-30,-0.005678629886851018,1.0259703528182649,-0.07490313236938995
2021-10-01,-0.0029617406079259006,1.022931694761795,-0.07764302932851652
2021-10-04,-0.0040385941992275715,1.018800488753124,-0.08136805483988752
2021-10-05,0.004810649480360016,1.0237015807949346,-0.07694883855026102
2021-10-06,-0.004896143817279198,1.0186893906293866,-0.08146822978742552
2021-10-07,0.011661151344965084,1.0305684817870262,-0.07075709179981782
2021-10-08,0.0025298226240170188,1.0331756372478498,-0.06840627206744576
2021-10-11,-0.003529397213167292,1.029529150033035,-0.07169423637461492
2021-10-12,-0.0046703609913700496,1.0247208772512424,-0.0760297594011149
2021-10-13,0.00039982882633863475,1.0251305901969185,-0.07566032946424428
2021-10-14,0.00940808116984181,1.034775101999179,-0.06696406681533895
2021-10-15,0.0012256689224341571,1.0360433936834081,-0.06582047366852017
2021-10-18,-0.0019776288092939773,1.0339944844203812,-0.06766793401284588
2021-10-19,0.013069060454677331,1.047507820847074,-0.05548322987862553
2021-10-20,0.008461890323220894,1.0563717171397982,-0.04749083256141562
2021-10-21,0.006111835098748722,1.0628280868779387,-0.041669253599984524
2021-10-22,0.004021288531062746,1.0671020252741923,-0.03781552916052133
2021-10-25,0.007564345111726864,1.075173953262789,-0.03053723376194717
2021-10-26,-0.0006455377294774522,1.0744798879102067,-0.03116305855487722
2021-10-27,-0.011266269245411496,1.0623745081942306,-0.042078236392099067
2021-10-28,0.007761643368174998,1.0706202802502747,-0.03464318928836119
2021-10-29,0.002388302715912809,1.0731772455733077,-0.032337624995513625
2021-11-01,0.004481202617220394,1.0779863702549122,-0.028001333828057917
2021-11-02,0.007627175578795231,1.0862083615723948,-0.02058772933880948
2021-11-03,0.006745995468604528,1.0935359182575224,-0.013980618599033545
2021-11-04,0.0010238829328390229,1.0946555710206727,-0.012971050182968624
2021-11-05,-0.015598328712223572,1.0775807735972254,-0.028367052190695574
2021-11-08,-0.003360649753888156,1.0739594020356413,-0.03163237021762044
2021-11-09,0.001656555706454721,1.0757384756115842,-0.030028215294558347
2021-11-10,0.008395423893022183,1.084769756112377,-0.02188489099768487
2021-11-11,0.001993956374863301,1.086932739682836,-0.01993457214073968
2021-11-12,0.0030493002426659525,1.0902471239497125,-0.01694605839373997
2021-11-15,-0.005155340178786593,1.084626529146808,-0.022014035876817273
2021-11-16,-0.005608635946297909,1.078543253807127,-0.027499203110173398
2021-11-17,-0.001190643169418817,1.0772590936490587,-0.028657104541244593
2021-11-18,-0.0011636324678967723,1.0760055599913516,-0.029787390671861202
2021-11-19,-0.006484610518844696,1.0690280830186962,-0.03607884156382635
2021-11-22,0.00277977906013911,1.0719997448985723,-0.03339935371198044
2021-11-23,0.0118237615564721,1.0846748142708518,-0.02197049814993912
2021-11-24,-0.004507926837847447,1.079785179565263,-0.02637938358953551
2021-11-26,-0.012242287565233902,1.0665661388883474,-0.038298727155072765
2021-11-29,-0.007635331082531616,1.0584225532965175,-0.045641634775735795
2021-11-30,-0.01659532063955095,1.0408576916524295,-0.06147951785167027
2021-12-01,-0.006303548041698118,1.0342965951885275,-0.06739552679900984
2021-12-02,0.0187389920668165,1.0536782708805006,-0.0499194589742189
2021-12-03,0.018331196340998453,1.0729934541442547,-0.032503346036913405
2021-12-06,0.005501161349399729,1.078896164262352,-0.02718099083845804
2021-12-07,0.004503778858155153,1.0837552739971015,-0.02279962915218492
2021-12-08,0.007443595312114047,1.0918223096741053,-0.015525745052745843
2021-12-09,-0.012165057099203874,1.0785402289347352,-0.027501930576875333
2021-12-10,0.005544503651103777,1.084520199171926,-0.02210991148026764
2021-12-13,0.010540613991359582,1.0959517079572296,-0.011802349531204737
2021-12-14,0.0016034751297230268,1.0977090392643165,-0.010217799175427311
2021-12-15,0.01952307537091351,1.1191396955732067,0.0
2021-12-16,0.005114080910123883,1.1248630665260995,0.0
2021-12-17,-0.004799401252490798,1.1194643973157334,-0.004799401252490787
2021-12-20,0.01630426338414546,1.137716439698743,0.0
2021-12-21,0.00824970945247285,1.1471022697655595,0.0
2021-12-22,-0.002885051133919315,1.143792821061451,-0.0028850511339193474
2021-12-23,0.003026291045787737,1.1472542710340654,0.0
2021-12-27,0.008078356482705629,1.1565222000117852,0.0
2021-12-28,0.002681248887118586,1.1596231238734949,0.0
2021-12-29,0.0010163784079036601,1.1608017397779056,0.0
2021-12-30,0.005989734670063145,1.167754634203723,0.0
2021-12-31,-0.01300107146658,1.1525725727490104,-0.013001071466580028
2022-01-03,0.008135515717521162,1.1619493450301936,-0.004971326170320034
2022-01-04,0.001478308122085803,1.163667064184404,-0.0035003672000892827
2022-01-05,-0.002759624970601441,1.1604557794966142,-0.006250332469959208
2022-01-06,-0.011631961407489793,1.1469574026544112,-0.017809590251374408
2022-01-07,0.004340121021393193,1.151935336588314,-0.013546765007013684
2022-01-10,-0.0044730861221508635,1.1467826306206057,-0.017959255282611553
2022-01-11,0.006950531910354983,1.1547533798889749,-0.01113354974918479
2022-01-12,0.005875493141291098,1.161538125452395,-0.005323471703083338
2022-01-13,-0.00425121192899679,1.1566001807174873,-0.009552052425672364
2022-01-14,-0.0016191584595596283,1.1547274617505503,-0.011155744598740802
2022-01-18,-4.4014947047574195e-05,1.154676636482467,-0.011199268526280615
2022-01-19,0.006610460233316878,1.1623095804702743,-0.004662840612199015
2022-01-20,-0.012402140354851926,1.147894453917493,-0.017007151763326123
2022-01-21,-0.0025256475135019716,1.1449952771441936,-0.01948984520626529
2022-01-24,-0.0038876922672592303,1.1405438878591918,-0.023301766953025993
2022-01-25,-0.0035410890414674105,1.136505120396581,-0.026760342362889156
2022-01-26,-0.012025108087767768,1.1228385234815106,-0.03846365444127753
2022-01-27,0.0027398885774197403,1.1259149759262843,-0.03582915199130743
2022-01-28,0.003777528180616855,1.1301681514768245,-0.03218696944202526
2022-01-31,0.007322705309691718,1.1384440398004885,-0.0250999598243693
2022-02-01,0.0009454362987681665,1.139520366119832,-0.024178253938716754
2022-02-02,0.01500207412024231,1.1566155351138876,-0.009538903776161067
2022-02-03,-0.005685919804472595,1.150039111936623,-0.015170586138739783
2022-02-04,-0.010209077058547131,1.1382982740225187,-0.025224785514373238
2022-02-07,0.012242972156650229,1.1522344280973393,-0.013290639704433116
2022-02-08,-1.2013691174135949e-05,1.15222058550876,-0.013302493725966258
2022-02-09,0.0024800593233278846,1.1550781609143812,-0.01085542537622708
2022-02-10,-0.02451839227025482,1.126757501462278,-0.035107660068847024
2022-02-11,0.015447118173490908,1.144162657740233,-0.02020285406923439
2022-02-14,-0.001728808002525502,1.1421846201813408,-0.02189673521597124
2022-02-15,-0.004241893379786226,1.1373395948025,-0.026045744979605767
2022-02-16,0.005776798617002597,1.1439097766008173,-0.02041940738618031
2022-02-17,0.007023851947977715,1.1519444295135057,-0.013538978332548468
2022-02-18,-0.004577536383050725,1.146671361976155,-0.018054539549692716
2022-02-22,-0.0032086431986713356,1.1429921027094392,-0.021205252172832645
2022-02-23,0.01525566045819992,1.1604292021347784,-0.006273091841711875
2022-02-24,-0.012665708797394683,1.1457315437805462,-0.01885934748458018
2022-02-25,0.023266509027097697,1.1723887170865468,0.0
2022-02-28,-0.01639075876756226,1.1531723764429693,-0.016390758767562352
2022-03-01,0.014064475400885533,1.1693911409644322,-0.0025568107901650095
2022-03-02,0.01222799285999591,1.1836904474866878,0.0
2022-03-03,0.00827898279131116,1.1934902003316696,0.0
2022-03-04,0.011907260653360664,1.2077013992342502,0.0
2022-03-07,-0.001700106717198499,1.2056481779730421,-0.0017001067171984463
2022-03-08,-0.008740570514447625,1.1951101250578535,-0.010425817329002274
2022-03-09,0.0028144850675063515,1.1984737446588545,-0.007640675568684974
2022-03-10,-0.00045675190561647247,1.1979263394921502,-0.00809393758117527
2022-03-11,-0.006298089134585894,1.1903816926293604,-0.014341050375425102
2022-03-14,-0.0030067009126581888,1.1868025709077201,-0.017304632038831036
2022-03-15,0.007812606371520812,1.196074592234931,-0.00962721994583371
2022-03-16,0.0015470582850050272,1.197924989342332,-0.008095055531207485
2022-03-17,0.01349698641571708,1.2140933666505336,0.0
2022-03-18,0.004753994338658466,1.219865159642193,0.0
2022-03-21,0.0071408818147648675,1.2285760725771473,0.0
2022-03-22,0.003170053905244568,1.2324707249539106,0.0
2022-03-23,-0.0022826290686771165,1.2296574514508372,-0.0022826290686772666
2022-03-24,0.004621789685678626,1.2353406695768705,0.0
2022-03-25,0.007060228156980119,1.2440624565556797,0.0
2022-03-28,0.001929175778740565,1.2464624717141073,0.0
2022-03-29,0.011435816898075619,1.2607167883109527,0.0
2022-03-30,0.0035297822703595945,1.2651668440782773,0.0
2022-03-31,-0.009293149184268181,1.2534094598532681,-0.009293149184268157
2022-04-01,0.01226240680633509,1.2687792765448975,0.0
2022-04-04,-0.0002350992402901662,1.2684809875008858,-0.00023509924029030405
2022-04-05,-0.004297334587740158,1.2630299002794074,-0.004531423527933565
2022-04-06,0.0178163066040874,1.2855324282329155,0.0
2022-04-07,0.012750205422170206,1.3019232307697464,0.0
2022-04-08,0.011137340968457653,1.316423193705585,0.0
2022-04-11,-0.01499446744836029,1.2966841289793,-0.014994467448360305
2022-04-12,-0.0019371066030613292,1.2941723135909695,-0.016902528169517983
2022-04-13,-0.0039513766621754355,1.2890585513142125,-0.020787116576352682
2022-04-14,0.007030344177684595,1.298121076595139,-0.013902912982661442
2022-04-18,-0.005392636685278288,1.291120781255559,-0.019220576309357362
2022-04-19,-0.0032347199411445963,1.2869443671180054,-0.022393123069033738
2022-04-20,0.006054077878785519,1.294735628542202,-0.016474614901257456
2022-04-21,-0.01178329437834411,1.2794793774889588,-0.028063784042450246
2022-04-22,-0.021448469444265726,1.2520365031563188,-0.048910328272190995
2022-04-25,-0.0010563199387359477,1.2507139520340096,-0.049914983255962886
2022-04-26,-0.009977170867001554,1.2382353652288234,-0.05939414380619623
2022-04-27,-0.0009814118882441002,1.2370201463209436,-0.060317265575616785
2022-04-28,0.011127789679682271,1.2507854463387327,-0.049860673741313644
2022-04-29,-0.036135488341290205,1.205587703425104,-0.08419442228793583
2022-05-02,-0.0007774829155335974,1.2046503795825134,-0.08490644547855741
2022-05-03,0.002963204287750362,1.2082200047525324,-0.08219483633410674
2022-05-04,0.017501579298245674,1.2293657629754355,-0.06613179648186884
2022-05-05,-0.01153846822332139,1.2151807651845041,-0.07690720507293303
2022-05-06,-0.011087166909862271,1.2017078532152494,-0.08714168896358065
2022-05-09,-0.009874184056541571,1.1898419686904105,-0.0961554199442981
2022-05-10,-0.00358552290993868,1.1855757630524646,-0.09939617539311163
2022-05-11,0.001729347995859966,1.1876260361222395,-0.09783871797396382
2022-05-12,0.013081625382892734,1.2031621150217604,-0.08603698204754906
2022-05-13,0.005045968425604435,1.2092332330650435,-0.08142515351679103
2022-05-16,0.006940899154957029,1.2176263989905707,-0.0750494181410708
2022-05-17,-0.014475179165815293,1.2000010387081557,-0.088438243533004
2022-05-18,-0.024359123043331748,1.1707700657541378,-0.11064308852037918
2022-05-19,-0.0067793333138528415,1.1628330252445092,-0.11667233545827815
2022-05-20,0.003462999943979267,1.1668599159457882,-0.11361337180545472
2022-05-23,0.009548229727106873,1.1780013624825911,-0.10514994865241767
2022-05-24,0.010875833306250717,1.1908131089354879,-0.09541770865987154
2022-05-25,0.003194999486969481,1.1946177562076135,-0.09252756870311807
2022-05-26,0.0013736028343951726,1.196258686543559,-0.09128106199935326
2022-05-27,0.010043673674543264,1.2082735184215403,-0.08215418552419718
2022-05-31,-0.0065898879049887905,1.200311131376576,-0.08820268655565577
2022-06-01,-0.008583485634186393,1.190008278023851,-0.09602908569689517
2022-06-02,0.009125884006412446,1.2008681555357672,-0.08777955198779441
2022-06-03,-0.006719249804013361,1.1927992224170376,-0.09390898905431744
2022-06-06,-0.005615727084439807,1.1861007875174114,-0.09899734888545264
2022-06-07,0.011462568987863225,1.1996965496208885,-0.08866954383880465
2022-06-08,-0.013965566040167887,1.1829421082289964,-0.10139678950874009
2022-06-09,-0.019971248817410546,1.1593172770489628,-0.11934301781358514
2022-06-10,-0.01475285889163989,1.1422140328500192,-0.13233522600371872
2022-06-13,-0.027567861751262406,1.110725634302058,-0.1562548885396886
2022-06-14,-0.009212605050577204,1.1004929577136813,-0.16402797901492772
2022-06-15,0.008487029871934636,1.109832874319651,-0.15693305950072578
2022-06-16,-0.00865502867669053,1.1002272389660805,-0.16422982804711672
2022-06-17,-0.002552131642533193,1.0974193142155382,-0.16636282354884313
2022-06-21,0.018446036920473845,1.117662351402799,-0.15098552141374566
2022-06-22,0.004919766477132036,1.1231609891719831,-0.14680856844339718
2022-06-23,0.0058457883576300135,1.129726750606229,-0.14182099190597386
2022-06-24,0.019353640257013485,1.151591075726187,-0.1252121041072013
2022-06-27,-0.010420665737518106,1.1395907300597354,-0.13432797636152694
2022-06-28,-0.01470842253697194,1.1228291480828005,-0.14706064626363713
2022-06-29,-0.0005475518932937192,1.1222143408569225,-0.1475276748216401
2022-06-30,-0.008227335061011162,1.112981507464421,-0.15454125027112164
2022-07-01,0.009217291843816759,1.1232401828354917,-0.14674841023296215
2022-07-05,0.0055358604315345625,1.1294582837187603,-0.14202492851902682
2022-07-06,-0.0014335105473709184,1.127839193356234,-0.14325484483337614
2022-07-07,0.00523898432945017,1.1337479252163671,-0.13876637039112572
2022-07-08,-0.0031563418043652506,1.1301694292443942,-0.14148471809958552
2022-07-11,-0.007919550655890307,1.1212189951997547,-0.14828377336345178
2022-07-12,-0.009434568164450959,1.1106407781622654,-0.15631934816042325
2022-07-13,-0.0017119541176238023,1.1087394121088896,-0.1577636907262996
2022-07-14,-0.002914104714248805,1.1055084293611896,-0.16021805552566548
2022-07-15,0.008307906689875515,1.114692890237193,-0.15324122549113062
2022-07-18,-0.004233610789469367,1.10997371439014,-0.1568260725749694
2022-07-19,0.01597514614792097,1.1277057066978733,-0.14335624585623785
2022-07-20,-0.002093551066695094,1.1253447972126978,-0.1451496733015033
2022-07-21,0.010662846202004247,1.1373441757096023,-0.13603453574218416
2022-07-22,-0.004083012727821636,1.1327003849642663,-0.13956211772914717
2022-07-25,-0.018910072692392525,1.111280938345891,-0.1558330606301772
2022-07-26,-0.0001282524611791215,1.1111384138304867,-0.1559413271177975
2022-07-27,0.006512972439465283,1.1183752276961958,-0.15044399624402405
2022-07-28,0.007450533092300836,1.1267077193397559,-0.14411435112427728
2022-07-29,-0.002653793666157017,1.1237176695305617,-0.1463856950382184
2022-08-01,-0.007901203961165134,1.1148389470288356,-0.15313027576588967
2022-08-02,-0.005458596144506531,1.1087534914508383,-0.15775299557749323
2022-08-03,0.010636654248074976,1.1205469189857469,-0.14879430539997418
2022-08-04,-0.006693784958160362,1.1130462188745271,-0.1544920932747883
2022-08-05,-0.001459544384298788,1.1114216785163038,-0.15572614959192932
2022-08-08,0.007109100412936998,1.1193228868299914,-0.14972412201336116
2022-08-09,0.003492006155284857,1.1232315692405528,-0.14675495341374178
2022-08-10,0.008704947639147498,1.133009241237429,-0.1393274999598465
2022-08-11,0.0002630145356812448,1.1333072391369357,-0.1391011305818749
2022-08-12,0.014596537333974618,1.1498496005638617,-0.12653498809363672
2022-08-15,0.008638493456197278,1.1597825688139438,-0.1189895663040661
2022-08-16,0.014504255715058685,1.176604351765889,-0.10621116568610545
2022-08-17,-0.005886549310212095,1.169678212230609,-0.11147249773221113
2022-08-18,-0.00415781220904961,1.1648149098791374,-0.11516682822921642
2022-08-19,-0.004303207809596898,1.1598024692622106,-0.11897444924417078
2022-08-22,-0.016052096343106316,1.141185208286641,-0.1331167562656418
2022-08-23,-0.006495705125324413,1.133772405680229,-0.13874777419502493
2022-08-24,-0.0008855509055226711,1.1327683924997223,-0.13951045688346986
2022-08-25,0.008910582524511339,1.1428620187422491,-0.13184299379805098
2022-08-26,-0.028960192498645707,1.1097645146800827,-0.15698498781670733
2022-08-29,-0.007019584373451673,1.1019744290346234,-0.16290260282281432
2022-08-30,-0.007983718595207382,1.0931765752940965,-0.16958575287865763
2022-08-31,-0.0020700346695857667,1.0909136618832587,-0.17130473916031674
2022-09-01,0.01581559976288627,1.108167115735469,-0.15819842658947558
2022-09-02,-0.011412284050636797,1.0955203978351211,-0.16780530525950932
2022-09-06,-0.004748963097347732,1.0903178118934105,-0.1717573671546404
2022-09-07,0.02038287728628156,1.1125416260562808,-0.15487539920608684
2022-09-08,0.001604570440948196,1.114326777463775,-0.1535193372527348
2022-09-09,0.010369146662550743,1.1258813952493045,-0.1447420551136952
2022-09-12,0.012156526216842012,1.1395682019477074,-0.1343450894845225
2022-09-13,-0.026390390398781997,1.1094945522122692,-0.1571900605236487
2022-09-14,-0.0022715892883223197,1.1069742362720119,-0.15910457855425475
2022-09-15,-0.009900569518846759,1.0960145608902285,-0.1674299221323583
2022-09-16,0.0032570639825785876,1.0995843504408858,-0.16471818811876293
2022-09-19,0.004116282216798276,1.1041105499484754,-0.1612799324505011
2022-09-20,-0.012589617332994884,1.0902102206313016,-0.17183909715045287
2022-09-21,-0.007947949865401356,1.0815452844549758,-0.17842127848678668
2022-09-22,-0.0014040644140841778,1.080026725208852,-0.17957482793303214
2022-09-23,-0.017354606569632336,1.0612832863081638,-0.19381298401407732
2022-09-26,-0.004714767569528229,1.0562795822877957,-0.1976139684120225
2022-09-27,-0.0039039790377797955,1.0521558889405094,-0.20074646665954932
2022-09-28,0.021590546595334378,1.0748725096862348,-0.18349014600647673
2022-09-29,-0.011248525738569272,1.0627817785953486,-0.19267467811491834
2022-09-30,-0.013745767456409406,1.0481730274098677,-0.20377198425122156
2022-10-03,0.022615023439080492,1.0718774849929538,-0.18576526901221047
2022-10-04,0.02024610831628805,1.0935788326559117,-0.16928018445374793
2022-10-05,-0.005662984654032203,1.0873859125086067,-0.1739845380209869
2022-10-06,-0.007001288889989145,1.0797728096002295,-0.17976771089789978
2022-10-07,-0.020757803512094948,1.0573590977808451,-0.1967939315893571
2022-10-10,0.0006579523765154406,1.0580547897120602,-0.19626546024781466
2022-10-11,0.0035707602421122427,1.0618328496891405,-0.19339551690805523
2022-10-12,-0.003262864369323492,1.0583682331177127,-0.1960273579360725
2022-10-13,0.01846830545005195,1.0779145009255622,-0.18117934560895066
2022-10-14,-0.01171495051979325,1.0652867858826516,-0.19077178905972658
2022-10-17,0.011042741613465114,1.0770504726033925,-0.18183569101998642
2022-10-18,0.016603749933564765,1.094933549316327,-0.16825109542911443
2022-10-19,-0.00911855930762839,1.084949332808974,-0.17583544714449895
2022-10-20,0.001319370066085838,1.086380782481902,-0.17474806910393237
2022-10-21,0.019486363591486713,1.1075503934081483,-0.15866690992391508
2022-10-24,0.009015334935567125,1.1175353311627418,-0.15108201032450363
2022-10-25,0.011346467292073408,1.1302154092455163,-0.1414497901209979
2022-10-26,0.009722787075900546,1.1412042530195121,-0.13310228923637468
2022-10-27,-0.0018225728613246563,1.1391243251187304,-0.134682273477557
2022-10-28,0.019209552101434914,1.1610063931921104,-0.118059907525629
2022-10-31,-0.010269043734388836,1.1490839677645155,-0.12711658890635935
2022-11-01,-0.004072577447676306,1.1444042343119114,-0.13067147420083003
2022-11-02,-0.01633529367045791,1.1257100550667107,-0.14487221096586578
2022-11-03,-0.0009696336509531358,1.1246185287161017,-0.14570137164597852
2022-11-04,0.008715692698318742,1.1344203582152266,-0.13825556732864963
2022-11-07,0.010211669848469634,1.146004684382703,-0.1294557176884531
2022-11-08,0.004083755617048774,1.150684687449715,-0.12590062758567366
2022-11-09,-0.006504288665225806,1.1432003020798869,-0.13158602222594917
2022-11-10,0.02164166419153252,1.1679410591211583,-0.11279209853973027
2022-11-11,-0.0035041692902693217,1.1638483959289414,-0.11590102522211154
2022-11-14,0.00379576033639232,1.1682660855077822,-0.11254519740020452
2022-11-15,0.0029939033004968427,1.1717637611970426,-0.10988824353765914
2022-11-16,-0.003881330714052692,1.1672157585210945,-0.11334306163695596
2022-11-17,0.005323139998405928,1.1734290114120478,-0.10862326262349153
2022-11-18,0.010012295479841919,1.1851777293989239,-0.0996985353450206
2022-11-21,0.008244812941672208,1.1949492980804537,-0.09227571817782687
2022-11-22,0.01195932806527091,1.2092400887575632,-0.08141994569870292
2022-11-23,0.00029539114245929863,1.2095972875688887,-0.08114860528702261
2022-11-25,0.004096491909877475,1.2145523930716242,-0.07738453798220146
2022-11-28,-0.011000179804217126,1.2011920983661941,-0.08753347395454814
2022-11-29,0.004329948852313967,1.2063931987139234,-0.08358254056732273
2022-11-30,0.016748587956672424,1.226598581312915,-0.06823384214298422
2022-12-01,0.0005585089693333925,1.2272836476223499,-0.06771344238649979
2022-12-02,0.005085541484637999,1.2335250495257513,-0.06297226042218584
2022-12-05,-0.01176901902655105,1.2190076697481553,-0.07400015771768331
2022-12-06,-0.007715775902553602,1.2096020797448845,-0.08114496498653367
2022-12-07,0.0035762279924571334,1.2139278925622026,-0.07785892988930831
2022-12-08,0.0049791232533694645,1.2199721891599726,-0.07326747584423332
2022-12-09,-0.01518261264193356,1.2014498239780251,-0.08733769678117154
2022-12-12,0.01127985619366883,1.2150020052164061,-0.07704299724748054
2022-12-13,0.003029764016605442,1.2186831745719142,-0.07424665533166697
2022-12-14,-0.0017392723303218931,1.2165635526469525,-0.07585679250875155
2022-12-15,-0.016676277821378916,1.1962758008556482,-0.09126806138361576
2022-12-16,-0.009769853893387446,1.1845883610650934,-0.10014623965215264
2022-12-19,-0.0009799615782362097,1.1834275099852238,-0.1010280617633248
2022-12-20,0.0003739729797742043,1.18387007989748,-0.10069187054884898
2022-12-21,0.010873862506571469,1.1967433203719289,-0.09091291759815523
2022-12-22,-0.006069353511470013,1.1894798620981013,-0.09643048847396285
2022-12-23,0.0010193818954107605,1.1906923963344798,-0.095509406072668
2022-12-27,0.0018762474091034063,1.1929264298581415,-0.09381235793925347
2022-12-28,-0.013055317827532026,1.1773523961714805,-0.10564292561773825
2022-12-29,0.00808312321918811,1.186869080662141,-0.0984137271835539
2022-12-30,-0.0019265455049623963,1.1845825233698124,-0.10015067416478418
2023-01-03,0.007299755445573765,1.1932296860955127,-0.09358199414832269
2023-01-04,0.009044310313114312,1.2040216256513805,-0.0853840684300059
2023-01-05,0.0001099512066301075,1.2041540092819296,-0.08528350530472661
2023-01-06,0.019704464235338663,1.227881218891665,-0.0672595068495293
2023-01-09,-0.023281654541169775,1.1992941125358387,-0.08897524878761898
2023-01-10,0.004147560076315972,1.204268256916753,-0.08519671890095482
2023-01-11,0.00011753748582336832,1.204409803579928,-0.08508919522327152
2023-01-12,-0.006792994646465019,1.1962282542320597,-0.09130417942211266
2023-01-13,0.005214621511384848,1.2024661318191046,-0.0865656746488217
2023-01-17,-0.010760682874691474,1.1895267751070422,-0.09639485175078355
2023-01-18,-0.020507841672142386,1.165132148338373,-0.11492584306521114
2023-01-19,-0.0005119813234923185,1.1645356224390233,-0.1153789845034674
2023-01-20,0.004872666412795902,1.1702100160529862,-0.11106852139320411
2023-01-23,0.002906228924974613,1.1736109142499345,-0.1084850830177565
2023-01-24,-0.0034193878257792448,1.1695978833775467,-0.11153351827138613
2023-01-25,0.0017647646620340567,1.1716619483909212,-0.10996558402102974
2023-01-26,-0.0052075667045346176,1.1655604406395106,-0.11460049761157165
2023-01-27,-0.003707519560104262,1.1612391025073558,-0.11788313358518332
2023-01-30,-0.0031656319662595484,1.1575630468839881,-0.12067559093548275
2023-01-31,0.011340811030301856,1.17069075065436,-0.11070333897795004
2023-02-01,-0.0014598988223186301,1.1689816606061803,-0.11200162212606812
2023-02-02,-0.014640405872592917,1.151867294637288,-0.1250022787923467
2023-02-03,-3.0540585437981854e-05,1.151832115935763,-0.1250290017350093
2023-02-06,0.0026394938026641328,1.154872369667485,-0.12271952120757801
2023-02-07,0.0032115374850198385,1.158581285573086,-0.1199021020650598
2023-02-08,-0.0023338059612968646,1.1558773816621686,-0.12195607978578515
2023-02-09,0.004241034076792654,1.1607794970263916,-0.11823226559923616
2023-02-10,0.014084204014040331,1.1771281522778263,-0.1058132689349377
2023-02-13,0.010934479545474211,1.18999943598131,-0.09603580241427245
2023-02-14,-0.010204069452051708,1.1778565990886545,-0.10525991586860528
2023-02-15,-0.004024668760128226,1.1731161164303916,-0.10886094833364335
2023-02-16,-0.01241263250192793,1.1585546571950522,-0.11992232989009444
2023-02-17,0.0145155669113253,1.1753717348419945,-0.10714750358245084
2023-02-21,-0.0015722687958498623,1.1735237345397787,-0.10855130770186472
2023-02-22,-0.00978385470304643,1.162042148830465,-0.11727311218253034
2023-02-23,0.0006342705719322547,1.1627791979688131,-0.11671322449453436
2023-02-24,-0.006112508255356527,1.155671700522072,-0.12211232220165869
2023-02-27,0.0014104781348999783,1.157301750186781,-0.12087408082722606
2023-02-28,-0.005811696490973955,1.1505758636662227,-0.12598329384680662
2023-03-01,-0.0019714604672764337,1.1483075488364023,-0.1277063832307268
2023-03-02,0.003811384065833832,1.152684189930714,-0.12438173723904378
2023-03-03,0.006465694589748819,1.160137093861238,-0.11872025697482502
2023-03-06,-0.0011071660988070848,1.1588526294009462,-0.11969598002986803
2023-03-07,-0.01857205023668656,1.1373303601507956,-0.13604503051231043
2023-03-08,-0.003147210052443919,1.1337509426083794,-0.13876407827714088
2023-03-09,-0.00960041664195729,1.1228664611911272,-0.14703230195270045
2023-03-10,-0.003650326509807552,1.1187676319808675,-0.150145912552892
2023-03-13,0.024358282534795068,1.146018890051441,-0.12944492657750495
2023-03-14,0.0011453682621765807,1.1473315037159606,-0.12844782042593017
2023-03-15,0.01339957486464561,1.162705258094569,-0.1167693917472824
2023-03-16,-0.0003427923831087595,1.1623066915882936,-0.11707215647231994
2023-03-17,0.016329030503951507,1.1812860330101858,-0.10265480078256839
2023-03-20,0.005317947313329203,1.1875680498957055,-0.09788276629126125
2023-03-21,-0.010578200033095479,1.1750057175109956,-0.10742554284273509
2023-03-22,-0.007273154223422186,1.1664597197141353,-0.11391737452552719
2023-03-23,0.008503350649604072,1.1763785357295036,-0.10638270325659582
2023-03-24,0.011731622877154582,1.1901793650714616,-0.09589912213469975
2023-03-27,0.0061348948339740375,1.1974809903097412,-0.09035255832969236
2023-03-28,9.634638497895147e-05,1.1975963632742386,-0.09026491708708206
2023-03-29,0.004738479592167527,1.2032711492012675,-0.0859541559624204
2023-03-30,0.007833875387464538,1.2126974254414415,-0.07879363472180023
2023-03-31,0.010275514408266129,1.2251585153094324,-0.0693277654423975
2023-04-03,0.008060858278547077,1.2350343444700969,-0.06182574845584998
2023-04-04,0.004554427305993631,1.2406592186123915,-0.05755290202683716
2023-04-05,0.008262423169725464,1.250910070085988,-0.049766005288303106
2023-04-06,-2.3345415709413644e-05,1.2508808670703868,-0.04978818889593084
2023-04-10,0.0022105123507115136,1.2536459546763146,-0.047687733951693345
2023-04-11,0.0011091948099772359,1.2550364922627906,-0.046631434128714844
2023-04-12,-0.001308014799732588,1.2533948859567063,-0.047878454322474395
2023-04-13,0.006311436326525428,1.2613056079714149,-0.04186919981181758
2023-04-14,-0.006750517740016091,1.252791142089222,-0.04833707877574378
2023-04-17,0.005998160134640394,1.2603055839747321,-0.04262885218004098
2023-04-18,0.0012829251588355752,1.2619224617162343,-0.041400616648159416
2023-04-19,-0.0022465266257607475,1.2590875193063433,-0.04355413568629718
2023-04-20,-0.0017350041220733376,1.2569029972702956,-0.04521357320342145
2023-04-21,0.0039670695079127545,1.261889218825171,-0.04142586908310775
2023-04-24,0.0028068783271301074,1.2654311883247302,-0.03873526813008965
2023-04-25,-0.0046388914889518955,1.2595609903553564,-0.04319447091339057
2023-04-26,-0.01581757275121256,1.2396377927558213,-0.05832881197848039
2023-04-27,0.00991420014284498,1.251927809937837,-0.048992895351684496
2023-04-28,0.003491898266625322,1.2562994144872988,-0.045672075291414815
2023-05-01,0.0006252160587292368,1.2570848730558084,-0.04507541414759331
2023-05-02,-0.002567786485015364,1.2538569475082586,-0.04752745659335389
2023-05-03,-0.007635954996352366,1.2442825522852217,-0.05480049407006837
2023-05-04,0.004922530436699529,1.2504075710206999,-0.05014772073337492
2023-05-05,0.005478277161154367,1.257257650259157,-0.044944166685398135
2023-05-08,-0.0022890576524669907,1.2543797150137086,-0.04713034454918019
2023-05-09,-0.0030788515128304466,1.2505176661304747,-0.05006408872939527
2023-05-10,-0.002331591063599543,1.2476019703152514,-0.05227895081110623
2023-05-11,-0.006426251162990662,1.2395845667025636,-0.05836924430564705
2023-05-12,-0.00038142568405831424,1.2391117573112609,-0.05872840646076816
2023-05-15,0.0011965589446193475,1.2405944275678549,-0.05760211951620253
2023-05-16,-0.01782409690917879,1.2184819522658983,-0.07439951066495043
2023-05-17,-0.0004587321631890747,1.2179229954041286,-0.07482411337967187
2023-05-18,-0.0044380754123093166,1.2125177613041394,-0.07893011373414305
2023-05-19,0.0025839053486777738,1.21565079243294,-0.07655015632851458
2023-05-22,-0.004187860262064292,1.210559816786763,-0.08041743523283595
2023-05-23,-0.007402771179517957,1.2015983194639714,-0.08722489454048155
2023-05-24,-0.009176416929551512,1.1905719523027216,-0.0956008994710934
2023-05-25,-0.012631939842632701,1.175532719022908,-0.10702521450270575
2023-05-26,-0.0016562408274908907,1.1735857537396108,-0.10850419580036619
2023-05-30,-0.006848837983060838,1.16554805505302,-0.11460990612590793
2023-05-31,0.0026230101465016557,1.1686052994276592,-0.11228751892606426
2023-06-01,0.006150060646278849,1.175792292890702,-0.106828033331001
2023-06-02,0.014770419696568489,1.1931592385326883,-0.09363550852209035
2023-06-05,-0.00376455842401194,1.1886675208700825,-0.09704757060370872
2023-06-06,-0.001749633549787999,1.186587788296025,-0.09862740646804302
2023-06-07,0.003939565376753772,1.191262428463275,-0.09507639020700975
2023-06-08,0.007535354583384122,1.200239013263609,-0.08825746993634365
2023-06-09,0.0002612004882419142,1.2005525162798802,-0.08801932234234011
2023-06-12,0.0036730621386793284,1.204962220272924,-0.08466956064402875
2023-06-13,0.007273900332635457,1.2137269953677803,-0.07801153825672602
2023-06-14,0.005908345789547749,1.220898114150522,-0.07256411161077359
2023-06-15,0.009286045693608873,1.2322354298257645,-0.0639518995732985
2023-06-16,-0.0042173046031586114,1.2270387176753852,-0.06789949953600594
2023-06-20,-0.010187106947503279,1.2145387430296988,-0.07739490702005392
2023-06-21,-0.000838419980974119,1.2135204494798755,-0.07816843756455683
2023-06-22,0.004297617777881471,1.218735696537383,-0.07420675785362196
2023-06-23,-0.00301371487892786,1.2150627746352478,-0.07699683472228935
2023-06-26,0.0026145731637640286,1.218239645158098,-0.07458357541628491
2023-06-27,0.003414940449138707,1.2223998609990927,-0.07142333343567664
2023-06-28,-0.0002495842661009923,1.2220947692269033,-0.07165509156151961
2023-06-29,-0.004269640770749442,1.2168768635744924,-0.07561879083190626
2023-06-30,0.01007359371218272,1.229135186695897,-0.06630695009557064
2023-07-03,0.007126333823246275,1.2378944143501902,-0.059653141733506665
2023-07-05,-0.00034452467666174765,1.2374679291773447,-0.05997711443080089
2023-07-06,-0.008036106409707488,1.2275235052198752,-0.06753123836679531
2023-07-07,-0.014892353883168874,1.2092427907802328,-0.08141789315003733
2023-07-10,0.005687804889621077,1.2161207278383717,-0.0761931773511777
2023-07-11,0.011236468770981963,1.2297856304184716,-0.06581285083806399
2023-07-12,-0.0013191071553018123,1.2281634113938993,-0.06704514379091442
2023-07-13,0.0010454519270724754,1.229447397199101,-0.0660697843386191
2023-07-14,0.005989172947678006,1.236810770290999,-0.060476314755960825
2023-07-17,-0.0045563392441339765,1.2311754408407545,-0.06475710339383156
2023-07-18,0.0025311977952083464,1.2342917894021253,-0.06238981863595783
2023-07-19,0.004003291668298542,1.239233019438888,-0.05863629160879125
2023-07-20,0.011643007591197619,1.2536614188914776,-0.04767598680591456
2023-07-21,0.0074600990044489035,1.263013857194466,-0.040571555383172586
2023-07-24,-0.004432382361431785,1.2574156968515935,-0.044824109098147935
2023-07-25,-0.001419031232419336,1.2556313847056266,-0.04617953351979176
2023-07-26,0.0020323258957967863,1.258183236884339,-0.04424105948582302
2023-07-27,-0.003429531156193036,1.2538682582732443,-0.04751886455012655
2023-07-28,0.0037071510447210807,1.2585165372968445,-0.04398787311376651
2023-07-31,-0.003316933415054728,1.2543421217408857,-0.047158901682632925
2023-08-01,-0.007439511597211132,1.245010428979324,-0.05424757408386438
2023-08-02,-0.010076977925288565,1.2324644863697454,-0.06377790040260933
2023-08-03,-0.003938144409687481,1.2276108632426102,-0.06746487823036451
2023-08-04,-0.0013004852548561385,1.2260143734162618,-0.0686776264058615
2023-08-07,0.012446346202611359,1.2412737727571783,-0.057086065717871004
2023-08-08,-0.00429191089818551,1.23594633632425,-0.061132968308467484
2023-08-09,0.0011886633068504,1.2374154603834746,-0.06001697151788432
2023-08-10,-0.0009945767264868612,1.2361847557655823,-0.06095185676130521
2023-08-11,0.006618081963579378,1.2443659278013661,-0.0547371591816046
2023-08-14,5.3980132765421624e-05,1.2444330988393577,-0.054686133767958944
2023-08-15,-0.006973215981017708,1.2357553980672236,-0.06127801152704593
2023-08-16,-0.004834090667024787,1.2297816444307013,-0.06581587873045402
2023-08-17,-0.009872915696214069,1.2176401139304855,-0.07503899980449003
2023-08-18,0.0003223607548522638,1.2180326333167506,-0.07474082867825804
2023-08-21,0.0007556225884460145,1.218953006287949,-0.07404168194824057
2023-08-22,-0.003880109049508339,1.2142233356973258,-0.07763450119758075
2023-08-23,0.011912045195306798,1.2286872189493485,-0.06664724168925462
2023-08-24,-0.009381867255795293,1.2171598385622735,-0.07540383337055634
2023-08-25,0.002790034777262892,1.2205557568413499,-0.07282417791073625
2023-08-28,0.003403290884986074,1.2247096631232255,-0.06966872888664033
2023-08-29,0.008613417718441199,1.2352585990355172,-0.061655397032012615
2023-08-30,0.001039059424415183,1.2365421061244348,-0.06068040122894969
2023-08-31,-0.006487757806450685,1.228519720422421,-0.06677447928862867
2023-09-01,0.001792288402940538,1.2307215820701176,-0.0651018700105297
2023-09-05,-0.010759334747398184,1.2174798365877777,-0.07516075194580307
2023-09-06,0.00043717170861791194,1.2180120843281468,-0.07475643839153423
2023-09-07,0.005893574723921354,1.2251905295617738,-0.06930344632336771
2023-09-08,0.0041169858951643455,1.2302346216908686,-0.06547178173920287
2023-09-11,0.005747915953745068,1.237305906899735,-0.06010019208423678
2023-09-12,-0.00259315177104426,1.2340973848959345,-0.06253749493573757
2023-09-13,-0.0008033639208444376,1.2331059555821007,-0.06329061848945061
2023-09-14,0.008176706833743103,1.243188701475838,-0.05563142048842218
2023-09-15,-0.0042105161322406924,1.2379542353928548,-0.059607699627236777
2023-09-18,-0.0018046499890778213,1.2357201612954742,-0.061304778581833363
2023-09-19,-0.0016021932685649335,1.2337402987712167,-0.0628087497468236
2023-09-20,0.003350049147197445,1.2378733894069782,-0.05966911299815214
2023-09-21,-0.012634564865997011,1.222233397772624,-0.07154978458547756
2023-09-22,0.0009854886750182835,1.223437894944358,-0.0706348074128682
2023-09-25,-0.0018430354670811956,1.2211830555122045,-0.072347660424677
2023-09-26,-0.006607312206981781,1.2131143178025594,-0.07847694905178826
2023-09-27,-0.010752379788937809,1.2000704519301482,-0.08838551487984414
2023-09-28,0.0005306082822474943,1.200707219251223,-0.08790180468382247
2023-09-29,-0.008159793750908147,1.1909096959869065,-0.09534433783817797
2023-10-02,-0.009491809934177059,1.1796058075038303,-0.10393115743929504
2023-10-03,-0.008419286626245403,1.169674368104472,-0.1114754178616616
2023-10-04,0.007434917927289034,1.1783708010329823,-0.10486931051708426
2023-10-05,-0.0035834866707429983,1.1741481249742878,-0.10807699941141935
2023-10-06,0.007183086133287903,1.1825821320892167,-0.10167023967393085
2023-10-09,0.00589437789261826,1.1895527180648087,-0.0963751445943839
2023-10-10,0.014059069829372566,1.2062767227938018,-0.08367101965267953
2023-10-11,0.005139951523051069,1.2124769266723467,-0.07896113311452757
2023-10-12,-0.0027829379530893393,1.2091026786158652,-0.08152432713345359
2023-10-13,0.002767518545707954,1.2124488927025996,-0.07898242867501393
2023-10-16,0.007415242561579031,1.2214394953355072,-0.07215285998016285
2023-10-17,0.004586356207924425,1.2270414519475434,-0.06789742248952779
2023-10-18,-0.00932251495114036,1.2156023396660935,-0.0765869627043656
2023-10-19,-0.009093230566032685,1.2045485873149009,-0.08498377036017535
2023-10-20,-0.005709724039574125,1.1976709472890739,-0.09020826052315045
2023-10-23,-0.003536964345452991,1.1934348278509275,-0.09342616146746774
2023-10-24,0.011690203553857414,1.2073863239167677,-0.0828281287584205
2023-10-25,-0.0114614102529019,1.1935479739246144,-0.09334021184714203
2023-10-26,-0.004554182228149796,1.1881123389533226,-0.09746930574132595
2023-10-27,-0.006992664186997796,1.1798042683505934,-0.10378039980473497
2023-10-30,0.006509831983641464,1.1874845959111386,-0.09794616078701757
2023-10-31,0.003777995068262565,1.1919709068581288,-0.09453820583116357
2023-11-01,0.004700185646115414,1.1975733914051307,-0.09028236730310513
2023-11-02,0.012463044873758058,1.2124988023218317,-0.07894451562435456
2023-11-03,0.0037757907750935894,1.2170769441144504,-0.0754668028230997
2023-11-06,-0.004840572504033061,1.2111855949234775,-0.07994207279641996
2023-11-07,-0.002053735709606429,1.2086981398162222,-0.08183162861642446
2023-11-08,-0.010177609762423606,1.1963964818286053,-0.09117638799656658
2023-11-09,-0.009577451889141431,1.1849380520835537,-0.09988060241624519
2023-11-10,0.007813839116662027,1.1941969673857455,-0.09284721425773901
2023-11-13,0.0036771358719528777,1.198588191892697,-0.08951149020794413
2023-11-14,0.011775140050456804,1.2127017357150573,-0.0787903604908109
2023-11-15,0.0065213698381930574,1.2206102122370737,-0.07278281173306322
2023-11-16,-0.025043478170405965,1.19004188703234,-0.09600355514665138
2023-11-17,-0.0014196135664704846,1.1883524874248408,-0.0972868807638062
2023-11-20,0.003928683005328998,1.1930211476465271,-0.09374040707357556
2023-11-21,0.005437573926331679,1.199508288332532,-0.08881255354059092
2023-11-22,0.0005918034864143226,1.2002181615195502,-0.08827330963299929
2023-11-24,0.003705864196763717,1.2046660070326312,-0.08489457433393421
2023-11-27,0.003778919000644136,1.2092183422960368,-0.08143646505329227
2023-11-28,0.012225804516774873,1.2240020093670467,-0.07020628683879604
2023-11-29,-0.002989228886285625,1.220343187203775,-0.07298565306446436
2023-11-30,0.005025427329793539,1.2264759332084765,-0.06832700983026363
2023-12-01,0.003945516643085549,1.2313150144152945,-0.06465107854163565
2023-12-04,-0.002064012978085788,1.2287735642454294,-0.06658165085456424
2023-12-05,0.0030362092769901537,1.2325043779405116,-0.06374759740357605
2023-12-06,-0.006137996955246474,1.2249392698213848,-0.06949431180005505
2023-12-07,-0.0036095246519710607,1.2205178213297971,-0.07285299502041198
2023-12-08,-0.005806471024885545,1.2134309199648892,-0.0782364472406355
2023-12-11,0.0022357411198872775,1.2161438373687972,-0.0761756225629181
2023-12-12,0.0004248928349826387,1.2166605681716034,-0.07578309620416279
2023-12-13,0.020880790426423462,1.2420654025156879,-0.05648471672744404
2023-12-14,-0.0049630105165184915,1.2359010188607988,-0.061167393000821524
2023-12-15,-0.003642343938381298,1.231399442276312,-0.0645869442560798
2023-12-18,0.007462364593598474,1.2405885938749317,-0.05760655098850653
2023-12-19,0.004234152957861243,1.2458414357391763,-0.053616312978905345
2023-12-20,-0.014365929127786597,1.2279437659688874,-0.06721199395434374
2023-12-21,0.0077623465429079155,1.2374754910155414,-0.05997137020034915
2023-12-22,0.008812098461212763,1.248380246885708,-0.05168774535819576
2023-12-26,-0.00011231093331261308,1.248240040135051,-0.051794251192586405
2023-12-27,0.005765545664021061,1.2554368250861092,-0.04632732764894998
2023-12-28,-0.0019035996034443817,1.253046976043726,-0.04814273856985307
2023-12-29,-0.00020601481512922318,1.252788829802608,-0.04833883526759608
